path,label
/content/drive/MyDrive/mark4.3/data/test/construction_501.wav,construction
/content/drive/MyDrive/mark4.3/data/test/construction_502.wav,construction
/content/drive/MyDrive/mark4.3/data/test/construction_503.wav,construction
/content/drive/MyDrive/mark4.3/data/test/construction_504.wav,construction
/content/drive/MyDrive/mark4.3/data/test/construction_505.wav,construction
/content/drive/MyDrive/mark4.3/data/test/construction_506.wav,construction
/content/drive/MyDrive/mark4.3/data/test/construction_507.wav,construction
/content/drive/MyDrive/mark4.3/data/test/construction_508.wav,construction
/content/drive/MyDrive/mark4.3/data/test/construction_509.wav,construction
/content/drive/MyDrive/mark4.3/data/test/construction_510.wav,construction
/content/drive/MyDrive/mark4.3/data/test/construction_511.wav,construction
/content/drive/MyDrive/mark4.3/data/test/construction_512.wav,construction
/content/drive/MyDrive/mark4.3/data/test/construction_513.wav,construction
/content/drive/MyDrive/mark4.3/data/test/construction_514.wav,construction
/content/drive/MyDrive/mark4.3/data/test/construction_515.wav,construction
/content/drive/MyDrive/mark4.3/data/test/construction_516.wav,construction
/content/drive/MyDrive/mark4.3/data/test/construction_517.wav,construction
/content/drive/MyDrive/mark4.3/data/test/construction_518.wav,construction
/content/drive/MyDrive/mark4.3/data/test/construction_519.wav,construction
/content/drive/MyDrive/mark4.3/data/test/construction_520.wav,construction
/content/drive/MyDrive/mark4.3/data/test/construction_521.wav,construction
/content/drive/MyDrive/mark4.3/data/test/construction_522.wav,construction
/content/drive/MyDrive/mark4.3/data/test/construction_523.wav,construction
/content/drive/MyDrive/mark4.3/data/test/construction_524.wav,construction
/content/drive/MyDrive/mark4.3/data/test/construction_525.wav,construction
/content/drive/MyDrive/mark4.3/data/test/construction_526.wav,construction
/content/drive/MyDrive/mark4.3/data/test/construction_527.wav,construction
/content/drive/MyDrive/mark4.3/data/test/construction_528.wav,construction
/content/drive/MyDrive/mark4.3/data/test/construction_529.wav,construction
/content/drive/MyDrive/mark4.3/data/test/construction_530.wav,construction
/content/drive/MyDrive/mark4.3/data/test/construction_531.wav,construction
/content/drive/MyDrive/mark4.3/data/test/construction_532.wav,construction
/content/drive/MyDrive/mark4.3/data/test/construction_533.wav,construction
/content/drive/MyDrive/mark4.3/data/test/construction_534.wav,construction
/content/drive/MyDrive/mark4.3/data/test/construction_535.wav,construction
/content/drive/MyDrive/mark4.3/data/test/construction_536.wav,construction
/content/drive/MyDrive/mark4.3/data/test/construction_537.wav,construction
/content/drive/MyDrive/mark4.3/data/test/construction_538.wav,construction
/content/drive/MyDrive/mark4.3/data/test/construction_539.wav,construction
/content/drive/MyDrive/mark4.3/data/test/construction_540.wav,construction
/content/drive/MyDrive/mark4.3/data/test/construction_541.wav,construction
/content/drive/MyDrive/mark4.3/data/test/construction_542.wav,construction
/content/drive/MyDrive/mark4.3/data/test/construction_543.wav,construction
/content/drive/MyDrive/mark4.3/data/test/construction_544.wav,construction
/content/drive/MyDrive/mark4.3/data/test/construction_545.wav,construction
/content/drive/MyDrive/mark4.3/data/test/construction_546.wav,construction
/content/drive/MyDrive/mark4.3/data/test/construction_547.wav,construction
/content/drive/MyDrive/mark4.3/data/test/construction_548.wav,construction
/content/drive/MyDrive/mark4.3/data/test/construction_549.wav,construction
/content/drive/MyDrive/mark4.3/data/test/construction_550.wav,construction
/content/drive/MyDrive/mark4.3/data/test/construction_551.wav,construction
/content/drive/MyDrive/mark4.3/data/test/construction_552.wav,construction
/content/drive/MyDrive/mark4.3/data/test/construction_553.wav,construction
/content/drive/MyDrive/mark4.3/data/test/construction_554.wav,construction
/content/drive/MyDrive/mark4.3/data/test/construction_555.wav,construction
/content/drive/MyDrive/mark4.3/data/test/construction_556.wav,construction
/content/drive/MyDrive/mark4.3/data/test/construction_557.wav,construction
/content/drive/MyDrive/mark4.3/data/test/construction_558.wav,construction
/content/drive/MyDrive/mark4.3/data/test/construction_559.wav,construction
/content/drive/MyDrive/mark4.3/data/test/construction_560.wav,construction
/content/drive/MyDrive/mark4.3/data/test/construction_561.wav,construction
/content/drive/MyDrive/mark4.3/data/test/construction_562.wav,construction
/content/drive/MyDrive/mark4.3/data/test/construction_563.wav,construction
/content/drive/MyDrive/mark4.3/data/test/construction_564.wav,construction
/content/drive/MyDrive/mark4.3/data/test/construction_565.wav,construction
/content/drive/MyDrive/mark4.3/data/test/construction_566.wav,construction
/content/drive/MyDrive/mark4.3/data/test/construction_567.wav,construction
/content/drive/MyDrive/mark4.3/data/test/construction_568.wav,construction
/content/drive/MyDrive/mark4.3/data/test/construction_569.wav,construction
/content/drive/MyDrive/mark4.3/data/test/construction_570.wav,construction
/content/drive/MyDrive/mark4.3/data/test/construction_571.wav,construction
/content/drive/MyDrive/mark4.3/data/test/construction_572.wav,construction
/content/drive/MyDrive/mark4.3/data/test/construction_573.wav,construction
/content/drive/MyDrive/mark4.3/data/test/construction_574.wav,construction
/content/drive/MyDrive/mark4.3/data/test/construction_575.wav,construction
/content/drive/MyDrive/mark4.3/data/test/construction_576.wav,construction
/content/drive/MyDrive/mark4.3/data/test/construction_577.wav,construction
/content/drive/MyDrive/mark4.3/data/test/construction_578.wav,construction
/content/drive/MyDrive/mark4.3/data/test/construction_579.wav,construction
/content/drive/MyDrive/mark4.3/data/test/construction_580.wav,construction
/content/drive/MyDrive/mark4.3/data/test/construction_581.wav,construction
/content/drive/MyDrive/mark4.3/data/test/construction_582.wav,construction
/content/drive/MyDrive/mark4.3/data/test/construction_583.wav,construction
/content/drive/MyDrive/mark4.3/data/test/construction_584.wav,construction
/content/drive/MyDrive/mark4.3/data/test/construction_585.wav,construction
/content/drive/MyDrive/mark4.3/data/test/construction_586.wav,construction
/content/drive/MyDrive/mark4.3/data/test/construction_587.wav,construction
/content/drive/MyDrive/mark4.3/data/test/construction_588.wav,construction
/content/drive/MyDrive/mark4.3/data/test/construction_589.wav,construction
/content/drive/MyDrive/mark4.3/data/test/construction_590.wav,construction
/content/drive/MyDrive/mark4.3/data/test/construction_591.wav,construction
/content/drive/MyDrive/mark4.3/data/test/construction_592.wav,construction
/content/drive/MyDrive/mark4.3/data/test/construction_593.wav,construction
/content/drive/MyDrive/mark4.3/data/test/construction_594.wav,construction
/content/drive/MyDrive/mark4.3/data/test/construction_595.wav,construction
/content/drive/MyDrive/mark4.3/data/test/construction_596.wav,construction
/content/drive/MyDrive/mark4.3/data/test/construction_597.wav,construction
/content/drive/MyDrive/mark4.3/data/test/construction_598.wav,construction
/content/drive/MyDrive/mark4.3/data/test/construction_599.wav,construction
/content/drive/MyDrive/mark4.3/data/test/construction_600.wav,construction
/content/drive/MyDrive/mark4.3/data/test/others_501.wav,others
/content/drive/MyDrive/mark4.3/data/test/others_502.wav,others
/content/drive/MyDrive/mark4.3/data/test/others_503.wav,others
/content/drive/MyDrive/mark4.3/data/test/others_504.wav,others
/content/drive/MyDrive/mark4.3/data/test/others_505.wav,others
/content/drive/MyDrive/mark4.3/data/test/others_506.wav,others
/content/drive/MyDrive/mark4.3/data/test/others_507.wav,others
/content/drive/MyDrive/mark4.3/data/test/others_508.wav,others
/content/drive/MyDrive/mark4.3/data/test/others_509.wav,others
/content/drive/MyDrive/mark4.3/data/test/others_510.wav,others
/content/drive/MyDrive/mark4.3/data/test/others_511.wav,others
/content/drive/MyDrive/mark4.3/data/test/others_512.wav,others
/content/drive/MyDrive/mark4.3/data/test/others_513.wav,others
/content/drive/MyDrive/mark4.3/data/test/others_514.wav,others
/content/drive/MyDrive/mark4.3/data/test/others_515.wav,others
/content/drive/MyDrive/mark4.3/data/test/others_516.wav,others
/content/drive/MyDrive/mark4.3/data/test/others_517.wav,others
/content/drive/MyDrive/mark4.3/data/test/others_518.wav,others
/content/drive/MyDrive/mark4.3/data/test/others_519.wav,others
/content/drive/MyDrive/mark4.3/data/test/others_520.wav,others
/content/drive/MyDrive/mark4.3/data/test/others_521.wav,others
/content/drive/MyDrive/mark4.3/data/test/others_522.wav,others
/content/drive/MyDrive/mark4.3/data/test/others_523.wav,others
/content/drive/MyDrive/mark4.3/data/test/others_524.wav,others
/content/drive/MyDrive/mark4.3/data/test/others_525.wav,others
/content/drive/MyDrive/mark4.3/data/test/others_526.wav,others
/content/drive/MyDrive/mark4.3/data/test/others_527.wav,others
/content/drive/MyDrive/mark4.3/data/test/others_528.wav,others
/content/drive/MyDrive/mark4.3/data/test/others_529.wav,others
/content/drive/MyDrive/mark4.3/data/test/others_530.wav,others
/content/drive/MyDrive/mark4.3/data/test/others_531.wav,others
/content/drive/MyDrive/mark4.3/data/test/others_532.wav,others
/content/drive/MyDrive/mark4.3/data/test/others_533.wav,others
/content/drive/MyDrive/mark4.3/data/test/others_534.wav,others
/content/drive/MyDrive/mark4.3/data/test/others_535.wav,others
/content/drive/MyDrive/mark4.3/data/test/others_536.wav,others
/content/drive/MyDrive/mark4.3/data/test/others_537.wav,others
/content/drive/MyDrive/mark4.3/data/test/others_538.wav,others
/content/drive/MyDrive/mark4.3/data/test/others_539.wav,others
/content/drive/MyDrive/mark4.3/data/test/others_540.wav,others
/content/drive/MyDrive/mark4.3/data/test/others_541.wav,others
/content/drive/MyDrive/mark4.3/data/test/others_542.wav,others
/content/drive/MyDrive/mark4.3/data/test/others_543.wav,others
/content/drive/MyDrive/mark4.3/data/test/others_544.wav,others
/content/drive/MyDrive/mark4.3/data/test/others_545.wav,others
/content/drive/MyDrive/mark4.3/data/test/others_546.wav,others
/content/drive/MyDrive/mark4.3/data/test/others_547.wav,others
/content/drive/MyDrive/mark4.3/data/test/others_548.wav,others
/content/drive/MyDrive/mark4.3/data/test/others_549.wav,others
/content/drive/MyDrive/mark4.3/data/test/others_550.wav,others
/content/drive/MyDrive/mark4.3/data/test/others_551.wav,others
/content/drive/MyDrive/mark4.3/data/test/others_552.wav,others
/content/drive/MyDrive/mark4.3/data/test/others_553.wav,others
/content/drive/MyDrive/mark4.3/data/test/others_554.wav,others
/content/drive/MyDrive/mark4.3/data/test/others_555.wav,others
/content/drive/MyDrive/mark4.3/data/test/others_556.wav,others
/content/drive/MyDrive/mark4.3/data/test/others_557.wav,others
/content/drive/MyDrive/mark4.3/data/test/others_558.wav,others
/content/drive/MyDrive/mark4.3/data/test/others_559.wav,others
/content/drive/MyDrive/mark4.3/data/test/others_560.wav,others
/content/drive/MyDrive/mark4.3/data/test/others_561.wav,others
/content/drive/MyDrive/mark4.3/data/test/others_562.wav,others
/content/drive/MyDrive/mark4.3/data/test/others_563.wav,others
/content/drive/MyDrive/mark4.3/data/test/others_564.wav,others
/content/drive/MyDrive/mark4.3/data/test/others_565.wav,others
/content/drive/MyDrive/mark4.3/data/test/others_566.wav,others
/content/drive/MyDrive/mark4.3/data/test/others_567.wav,others
/content/drive/MyDrive/mark4.3/data/test/others_568.wav,others
/content/drive/MyDrive/mark4.3/data/test/others_569.wav,others
/content/drive/MyDrive/mark4.3/data/test/others_570.wav,others
/content/drive/MyDrive/mark4.3/data/test/others_571.wav,others
/content/drive/MyDrive/mark4.3/data/test/others_572.wav,others
/content/drive/MyDrive/mark4.3/data/test/others_573.wav,others
/content/drive/MyDrive/mark4.3/data/test/others_574.wav,others
/content/drive/MyDrive/mark4.3/data/test/others_575.wav,others
/content/drive/MyDrive/mark4.3/data/test/others_576.wav,others
/content/drive/MyDrive/mark4.3/data/test/others_577.wav,others
/content/drive/MyDrive/mark4.3/data/test/others_578.wav,others
/content/drive/MyDrive/mark4.3/data/test/others_579.wav,others
/content/drive/MyDrive/mark4.3/data/test/others_580.wav,others
/content/drive/MyDrive/mark4.3/data/test/others_581.wav,others
/content/drive/MyDrive/mark4.3/data/test/others_582.wav,others
/content/drive/MyDrive/mark4.3/data/test/others_583.wav,others
/content/drive/MyDrive/mark4.3/data/test/others_584.wav,others
/content/drive/MyDrive/mark4.3/data/test/others_585.wav,others
/content/drive/MyDrive/mark4.3/data/test/others_586.wav,others
/content/drive/MyDrive/mark4.3/data/test/others_587.wav,others
/content/drive/MyDrive/mark4.3/data/test/others_588.wav,others
/content/drive/MyDrive/mark4.3/data/test/others_589.wav,others
/content/drive/MyDrive/mark4.3/data/test/others_590.wav,others
/content/drive/MyDrive/mark4.3/data/test/others_591.wav,others
/content/drive/MyDrive/mark4.3/data/test/others_592.wav,others
/content/drive/MyDrive/mark4.3/data/test/others_593.wav,others
/content/drive/MyDrive/mark4.3/data/test/others_594.wav,others
/content/drive/MyDrive/mark4.3/data/test/others_595.wav,others
/content/drive/MyDrive/mark4.3/data/test/others_596.wav,others
/content/drive/MyDrive/mark4.3/data/test/others_597.wav,others
/content/drive/MyDrive/mark4.3/data/test/others_598.wav,others
/content/drive/MyDrive/mark4.3/data/test/others_599.wav,others
/content/drive/MyDrive/mark4.3/data/test/others_600.wav,others
/content/drive/MyDrive/mark4.3/data/train/construction_1.wav,construction
/content/drive/MyDrive/mark4.3/data/train/construction_10.wav,construction
/content/drive/MyDrive/mark4.3/data/train/construction_100.wav,construction
/content/drive/MyDrive/mark4.3/data/train/construction_101.wav,construction
/content/drive/MyDrive/mark4.3/data/train/construction_102.wav,construction
/content/drive/MyDrive/mark4.3/data/train/construction_103.wav,construction
/content/drive/MyDrive/mark4.3/data/train/construction_104.wav,construction
/content/drive/MyDrive/mark4.3/data/train/construction_105.wav,construction
/content/drive/MyDrive/mark4.3/data/train/construction_106.wav,construction
/content/drive/MyDrive/mark4.3/data/train/construction_107.wav,construction
/content/drive/MyDrive/mark4.3/data/train/construction_108.wav,construction
/content/drive/MyDrive/mark4.3/data/train/construction_109.wav,construction
/content/drive/MyDrive/mark4.3/data/train/construction_11.wav,construction
/content/drive/MyDrive/mark4.3/data/train/construction_110.wav,construction
/content/drive/MyDrive/mark4.3/data/train/construction_111.wav,construction
/content/drive/MyDrive/mark4.3/data/train/construction_112.wav,construction
/content/drive/MyDrive/mark4.3/data/train/construction_113.wav,construction
/content/drive/MyDrive/mark4.3/data/train/construction_114.wav,construction
/content/drive/MyDrive/mark4.3/data/train/construction_115.wav,construction
/content/drive/MyDrive/mark4.3/data/train/construction_116.wav,construction
/content/drive/MyDrive/mark4.3/data/train/construction_117.wav,construction
/content/drive/MyDrive/mark4.3/data/train/construction_118.wav,construction
/content/drive/MyDrive/mark4.3/data/train/construction_119.wav,construction
/content/drive/MyDrive/mark4.3/data/train/construction_12.wav,construction
/content/drive/MyDrive/mark4.3/data/train/construction_120.wav,construction
/content/drive/MyDrive/mark4.3/data/train/construction_121.wav,construction
/content/drive/MyDrive/mark4.3/data/train/construction_122.wav,construction
/content/drive/MyDrive/mark4.3/data/train/construction_123.wav,construction
/content/drive/MyDrive/mark4.3/data/train/construction_124.wav,construction
/content/drive/MyDrive/mark4.3/data/train/construction_125.wav,construction
/content/drive/MyDrive/mark4.3/data/train/construction_126.wav,construction
/content/drive/MyDrive/mark4.3/data/train/construction_127.wav,construction
/content/drive/MyDrive/mark4.3/data/train/construction_128.wav,construction
/content/drive/MyDrive/mark4.3/data/train/construction_129.wav,construction
/content/drive/MyDrive/mark4.3/data/train/construction_13.wav,construction
/content/drive/MyDrive/mark4.3/data/train/construction_130.wav,construction
/content/drive/MyDrive/mark4.3/data/train/construction_131.wav,construction
/content/drive/MyDrive/mark4.3/data/train/construction_132.wav,construction
/content/drive/MyDrive/mark4.3/data/train/construction_133.wav,construction
/content/drive/MyDrive/mark4.3/data/train/construction_134.wav,construction
/content/drive/MyDrive/mark4.3/data/train/construction_135.wav,construction
/content/drive/MyDrive/mark4.3/data/train/construction_136.wav,construction
/content/drive/MyDrive/mark4.3/data/train/construction_137.wav,construction
/content/drive/MyDrive/mark4.3/data/train/construction_138.wav,construction
/content/drive/MyDrive/mark4.3/data/train/construction_139.wav,construction
/content/drive/MyDrive/mark4.3/data/train/construction_14.wav,construction
/content/drive/MyDrive/mark4.3/data/train/construction_140.wav,construction
/content/drive/MyDrive/mark4.3/data/train/construction_141.wav,construction
/content/drive/MyDrive/mark4.3/data/train/construction_142.wav,construction
/content/drive/MyDrive/mark4.3/data/train/construction_143.wav,construction
/content/drive/MyDrive/mark4.3/data/train/construction_144.wav,construction
/content/drive/MyDrive/mark4.3/data/train/construction_145.wav,construction
/content/drive/MyDrive/mark4.3/data/train/construction_146.wav,construction
/content/drive/MyDrive/mark4.3/data/train/construction_147.wav,construction
/content/drive/MyDrive/mark4.3/data/train/construction_148.wav,construction
/content/drive/MyDrive/mark4.3/data/train/construction_149.wav,construction
/content/drive/MyDrive/mark4.3/data/train/construction_15.wav,construction
/content/drive/MyDrive/mark4.3/data/train/construction_150.wav,construction
/content/drive/MyDrive/mark4.3/data/train/construction_151.wav,construction
/content/drive/MyDrive/mark4.3/data/train/construction_152.wav,construction
/content/drive/MyDrive/mark4.3/data/train/construction_153.wav,construction
/content/drive/MyDrive/mark4.3/data/train/construction_154.wav,construction
/content/drive/MyDrive/mark4.3/data/train/construction_155.wav,construction
/content/drive/MyDrive/mark4.3/data/train/construction_156.wav,construction
/content/drive/MyDrive/mark4.3/data/train/construction_157.wav,construction
/content/drive/MyDrive/mark4.3/data/train/construction_158.wav,construction
/content/drive/MyDrive/mark4.3/data/train/construction_159.wav,construction
/content/drive/MyDrive/mark4.3/data/train/construction_16.wav,construction
/content/drive/MyDrive/mark4.3/data/train/construction_160.wav,construction
/content/drive/MyDrive/mark4.3/data/train/construction_161.wav,construction
/content/drive/MyDrive/mark4.3/data/train/construction_162.wav,construction
/content/drive/MyDrive/mark4.3/data/train/construction_163.wav,construction
/content/drive/MyDrive/mark4.3/data/train/construction_164.wav,construction
/content/drive/MyDrive/mark4.3/data/train/construction_165.wav,construction
/content/drive/MyDrive/mark4.3/data/train/construction_166.wav,construction
/content/drive/MyDrive/mark4.3/data/train/construction_167.wav,construction
/content/drive/MyDrive/mark4.3/data/train/construction_168.wav,construction
/content/drive/MyDrive/mark4.3/data/train/construction_169.wav,construction
/content/drive/MyDrive/mark4.3/data/train/construction_17.wav,construction
/content/drive/MyDrive/mark4.3/data/train/construction_170.wav,construction
/content/drive/MyDrive/mark4.3/data/train/construction_171.wav,construction
/content/drive/MyDrive/mark4.3/data/train/construction_172.wav,construction
/content/drive/MyDrive/mark4.3/data/train/construction_173.wav,construction
/content/drive/MyDrive/mark4.3/data/train/construction_174.wav,construction
/content/drive/MyDrive/mark4.3/data/train/construction_175.wav,construction
/content/drive/MyDrive/mark4.3/data/train/construction_176.wav,construction
/content/drive/MyDrive/mark4.3/data/train/construction_177.wav,construction
/content/drive/MyDrive/mark4.3/data/train/construction_178.wav,construction
/content/drive/MyDrive/mark4.3/data/train/construction_179.wav,construction
/content/drive/MyDrive/mark4.3/data/train/construction_18.wav,construction
/content/drive/MyDrive/mark4.3/data/train/construction_180.wav,construction
/content/drive/MyDrive/mark4.3/data/train/construction_181.wav,construction
/content/drive/MyDrive/mark4.3/data/train/construction_182.wav,construction
/content/drive/MyDrive/mark4.3/data/train/construction_183.wav,construction
/content/drive/MyDrive/mark4.3/data/train/construction_184.wav,construction
/content/drive/MyDrive/mark4.3/data/train/construction_185.wav,construction
/content/drive/MyDrive/mark4.3/data/train/construction_186.wav,construction
/content/drive/MyDrive/mark4.3/data/train/construction_187.wav,construction
/content/drive/MyDrive/mark4.3/data/train/construction_188.wav,construction
/content/drive/MyDrive/mark4.3/data/train/construction_189.wav,construction
/content/drive/MyDrive/mark4.3/data/train/construction_19.wav,construction
/content/drive/MyDrive/mark4.3/data/train/construction_190.wav,construction
/content/drive/MyDrive/mark4.3/data/train/construction_191.wav,construction
/content/drive/MyDrive/mark4.3/data/train/construction_192.wav,construction
/content/drive/MyDrive/mark4.3/data/train/construction_193.wav,construction
/content/drive/MyDrive/mark4.3/data/train/construction_194.wav,construction
/content/drive/MyDrive/mark4.3/data/train/construction_195.wav,construction
/content/drive/MyDrive/mark4.3/data/train/construction_196.wav,construction
/content/drive/MyDrive/mark4.3/data/train/construction_197.wav,construction
/content/drive/MyDrive/mark4.3/data/train/construction_198.wav,construction
/content/drive/MyDrive/mark4.3/data/train/construction_199.wav,construction
/content/drive/MyDrive/mark4.3/data/train/construction_2.wav,construction
/content/drive/MyDrive/mark4.3/data/train/construction_20.wav,construction
/content/drive/MyDrive/mark4.3/data/train/construction_200.wav,construction
/content/drive/MyDrive/mark4.3/data/train/construction_201.wav,construction
/content/drive/MyDrive/mark4.3/data/train/construction_202.wav,construction
/content/drive/MyDrive/mark4.3/data/train/construction_203.wav,construction
/content/drive/MyDrive/mark4.3/data/train/construction_204.wav,construction
/content/drive/MyDrive/mark4.3/data/train/construction_205.wav,construction
/content/drive/MyDrive/mark4.3/data/train/construction_206.wav,construction
/content/drive/MyDrive/mark4.3/data/train/construction_207.wav,construction
/content/drive/MyDrive/mark4.3/data/train/construction_208.wav,construction
/content/drive/MyDrive/mark4.3/data/train/construction_209.wav,construction
/content/drive/MyDrive/mark4.3/data/train/construction_21.wav,construction
/content/drive/MyDrive/mark4.3/data/train/construction_210.wav,construction
/content/drive/MyDrive/mark4.3/data/train/construction_211.wav,construction
/content/drive/MyDrive/mark4.3/data/train/construction_212.wav,construction
/content/drive/MyDrive/mark4.3/data/train/construction_213.wav,construction
/content/drive/MyDrive/mark4.3/data/train/construction_214.wav,construction
/content/drive/MyDrive/mark4.3/data/train/construction_215.wav,construction
/content/drive/MyDrive/mark4.3/data/train/construction_216.wav,construction
/content/drive/MyDrive/mark4.3/data/train/construction_217.wav,construction
/content/drive/MyDrive/mark4.3/data/train/construction_218.wav,construction
/content/drive/MyDrive/mark4.3/data/train/construction_219.wav,construction
/content/drive/MyDrive/mark4.3/data/train/construction_22.wav,construction
/content/drive/MyDrive/mark4.3/data/train/construction_220.wav,construction
/content/drive/MyDrive/mark4.3/data/train/construction_221.wav,construction
/content/drive/MyDrive/mark4.3/data/train/construction_222.wav,construction
/content/drive/MyDrive/mark4.3/data/train/construction_223.wav,construction
/content/drive/MyDrive/mark4.3/data/train/construction_224.wav,construction
/content/drive/MyDrive/mark4.3/data/train/construction_225.wav,construction
/content/drive/MyDrive/mark4.3/data/train/construction_226.wav,construction
/content/drive/MyDrive/mark4.3/data/train/construction_227.wav,construction
/content/drive/MyDrive/mark4.3/data/train/construction_228.wav,construction
/content/drive/MyDrive/mark4.3/data/train/construction_229.wav,construction
/content/drive/MyDrive/mark4.3/data/train/construction_23.wav,construction
/content/drive/MyDrive/mark4.3/data/train/construction_230.wav,construction
/content/drive/MyDrive/mark4.3/data/train/construction_231.wav,construction
/content/drive/MyDrive/mark4.3/data/train/construction_232.wav,construction
/content/drive/MyDrive/mark4.3/data/train/construction_233.wav,construction
/content/drive/MyDrive/mark4.3/data/train/construction_234.wav,construction
/content/drive/MyDrive/mark4.3/data/train/construction_235.wav,construction
/content/drive/MyDrive/mark4.3/data/train/construction_236.wav,construction
/content/drive/MyDrive/mark4.3/data/train/construction_237.wav,construction
/content/drive/MyDrive/mark4.3/data/train/construction_238.wav,construction
/content/drive/MyDrive/mark4.3/data/train/construction_239.wav,construction
/content/drive/MyDrive/mark4.3/data/train/construction_24.wav,construction
/content/drive/MyDrive/mark4.3/data/train/construction_240.wav,construction
/content/drive/MyDrive/mark4.3/data/train/construction_241.wav,construction
/content/drive/MyDrive/mark4.3/data/train/construction_242.wav,construction
/content/drive/MyDrive/mark4.3/data/train/construction_243.wav,construction
/content/drive/MyDrive/mark4.3/data/train/construction_244.wav,construction
/content/drive/MyDrive/mark4.3/data/train/construction_245.wav,construction
/content/drive/MyDrive/mark4.3/data/train/construction_246.wav,construction
/content/drive/MyDrive/mark4.3/data/train/construction_247.wav,construction
/content/drive/MyDrive/mark4.3/data/train/construction_248.wav,construction
/content/drive/MyDrive/mark4.3/data/train/construction_249.wav,construction
/content/drive/MyDrive/mark4.3/data/train/construction_25.wav,construction
/content/drive/MyDrive/mark4.3/data/train/construction_250.wav,construction
/content/drive/MyDrive/mark4.3/data/train/construction_251.wav,construction
/content/drive/MyDrive/mark4.3/data/train/construction_252.wav,construction
/content/drive/MyDrive/mark4.3/data/train/construction_253.wav,construction
/content/drive/MyDrive/mark4.3/data/train/construction_254.wav,construction
/content/drive/MyDrive/mark4.3/data/train/construction_255.wav,construction
/content/drive/MyDrive/mark4.3/data/train/construction_256.wav,construction
/content/drive/MyDrive/mark4.3/data/train/construction_257.wav,construction
/content/drive/MyDrive/mark4.3/data/train/construction_258.wav,construction
/content/drive/MyDrive/mark4.3/data/train/construction_259.wav,construction
/content/drive/MyDrive/mark4.3/data/train/construction_26.wav,construction
/content/drive/MyDrive/mark4.3/data/train/construction_260.wav,construction
/content/drive/MyDrive/mark4.3/data/train/construction_261.wav,construction
/content/drive/MyDrive/mark4.3/data/train/construction_262.wav,construction
/content/drive/MyDrive/mark4.3/data/train/construction_263.wav,construction
/content/drive/MyDrive/mark4.3/data/train/construction_264.wav,construction
/content/drive/MyDrive/mark4.3/data/train/construction_265.wav,construction
/content/drive/MyDrive/mark4.3/data/train/construction_266.wav,construction
/content/drive/MyDrive/mark4.3/data/train/construction_267.wav,construction
/content/drive/MyDrive/mark4.3/data/train/construction_268.wav,construction
/content/drive/MyDrive/mark4.3/data/train/construction_269.wav,construction
/content/drive/MyDrive/mark4.3/data/train/construction_27.wav,construction
/content/drive/MyDrive/mark4.3/data/train/construction_270.wav,construction
/content/drive/MyDrive/mark4.3/data/train/construction_271.wav,construction
/content/drive/MyDrive/mark4.3/data/train/construction_272.wav,construction
/content/drive/MyDrive/mark4.3/data/train/construction_273.wav,construction
/content/drive/MyDrive/mark4.3/data/train/construction_274.wav,construction
/content/drive/MyDrive/mark4.3/data/train/construction_275.wav,construction
/content/drive/MyDrive/mark4.3/data/train/construction_276.wav,construction
/content/drive/MyDrive/mark4.3/data/train/construction_277.wav,construction
/content/drive/MyDrive/mark4.3/data/train/construction_278.wav,construction
/content/drive/MyDrive/mark4.3/data/train/construction_279.wav,construction
/content/drive/MyDrive/mark4.3/data/train/construction_28.wav,construction
/content/drive/MyDrive/mark4.3/data/train/construction_280.wav,construction
/content/drive/MyDrive/mark4.3/data/train/construction_281.wav,construction
/content/drive/MyDrive/mark4.3/data/train/construction_282.wav,construction
/content/drive/MyDrive/mark4.3/data/train/construction_283.wav,construction
/content/drive/MyDrive/mark4.3/data/train/construction_284.wav,construction
/content/drive/MyDrive/mark4.3/data/train/construction_285.wav,construction
/content/drive/MyDrive/mark4.3/data/train/construction_286.wav,construction
/content/drive/MyDrive/mark4.3/data/train/construction_287.wav,construction
/content/drive/MyDrive/mark4.3/data/train/construction_288.wav,construction
/content/drive/MyDrive/mark4.3/data/train/construction_289.wav,construction
/content/drive/MyDrive/mark4.3/data/train/construction_29.wav,construction
/content/drive/MyDrive/mark4.3/data/train/construction_290.wav,construction
/content/drive/MyDrive/mark4.3/data/train/construction_291.wav,construction
/content/drive/MyDrive/mark4.3/data/train/construction_292.wav,construction
/content/drive/MyDrive/mark4.3/data/train/construction_293.wav,construction
/content/drive/MyDrive/mark4.3/data/train/construction_294.wav,construction
/content/drive/MyDrive/mark4.3/data/train/construction_295.wav,construction
/content/drive/MyDrive/mark4.3/data/train/construction_296.wav,construction
/content/drive/MyDrive/mark4.3/data/train/construction_297.wav,construction
/content/drive/MyDrive/mark4.3/data/train/construction_298.wav,construction
/content/drive/MyDrive/mark4.3/data/train/construction_299.wav,construction
/content/drive/MyDrive/mark4.3/data/train/construction_3.wav,construction
/content/drive/MyDrive/mark4.3/data/train/construction_30.wav,construction
/content/drive/MyDrive/mark4.3/data/train/construction_300.wav,construction
/content/drive/MyDrive/mark4.3/data/train/construction_301.wav,construction
/content/drive/MyDrive/mark4.3/data/train/construction_302.wav,construction
/content/drive/MyDrive/mark4.3/data/train/construction_303.wav,construction
/content/drive/MyDrive/mark4.3/data/train/construction_304.wav,construction
/content/drive/MyDrive/mark4.3/data/train/construction_305.wav,construction
/content/drive/MyDrive/mark4.3/data/train/construction_306.wav,construction
/content/drive/MyDrive/mark4.3/data/train/construction_307.wav,construction
/content/drive/MyDrive/mark4.3/data/train/construction_308.wav,construction
/content/drive/MyDrive/mark4.3/data/train/construction_309.wav,construction
/content/drive/MyDrive/mark4.3/data/train/construction_31.wav,construction
/content/drive/MyDrive/mark4.3/data/train/construction_310.wav,construction
/content/drive/MyDrive/mark4.3/data/train/construction_311.wav,construction
/content/drive/MyDrive/mark4.3/data/train/construction_312.wav,construction
/content/drive/MyDrive/mark4.3/data/train/construction_313.wav,construction
/content/drive/MyDrive/mark4.3/data/train/construction_314.wav,construction
/content/drive/MyDrive/mark4.3/data/train/construction_315.wav,construction
/content/drive/MyDrive/mark4.3/data/train/construction_316.wav,construction
/content/drive/MyDrive/mark4.3/data/train/construction_317.wav,construction
/content/drive/MyDrive/mark4.3/data/train/construction_318.wav,construction
/content/drive/MyDrive/mark4.3/data/train/construction_319.wav,construction
/content/drive/MyDrive/mark4.3/data/train/construction_32.wav,construction
/content/drive/MyDrive/mark4.3/data/train/construction_320.wav,construction
/content/drive/MyDrive/mark4.3/data/train/construction_321.wav,construction
/content/drive/MyDrive/mark4.3/data/train/construction_322.wav,construction
/content/drive/MyDrive/mark4.3/data/train/construction_323.wav,construction
/content/drive/MyDrive/mark4.3/data/train/construction_324.wav,construction
/content/drive/MyDrive/mark4.3/data/train/construction_325.wav,construction
/content/drive/MyDrive/mark4.3/data/train/construction_326.wav,construction
/content/drive/MyDrive/mark4.3/data/train/construction_327.wav,construction
/content/drive/MyDrive/mark4.3/data/train/construction_328.wav,construction
/content/drive/MyDrive/mark4.3/data/train/construction_329.wav,construction
/content/drive/MyDrive/mark4.3/data/train/construction_33.wav,construction
/content/drive/MyDrive/mark4.3/data/train/construction_330.wav,construction
/content/drive/MyDrive/mark4.3/data/train/construction_331.wav,construction
/content/drive/MyDrive/mark4.3/data/train/construction_332.wav,construction
/content/drive/MyDrive/mark4.3/data/train/construction_333.wav,construction
/content/drive/MyDrive/mark4.3/data/train/construction_334.wav,construction
/content/drive/MyDrive/mark4.3/data/train/construction_335.wav,construction
/content/drive/MyDrive/mark4.3/data/train/construction_336.wav,construction
/content/drive/MyDrive/mark4.3/data/train/construction_337.wav,construction
/content/drive/MyDrive/mark4.3/data/train/construction_338.wav,construction
/content/drive/MyDrive/mark4.3/data/train/construction_339.wav,construction
/content/drive/MyDrive/mark4.3/data/train/construction_34.wav,construction
/content/drive/MyDrive/mark4.3/data/train/construction_340.wav,construction
/content/drive/MyDrive/mark4.3/data/train/construction_341.wav,construction
/content/drive/MyDrive/mark4.3/data/train/construction_342.wav,construction
/content/drive/MyDrive/mark4.3/data/train/construction_343.wav,construction
/content/drive/MyDrive/mark4.3/data/train/construction_344.wav,construction
/content/drive/MyDrive/mark4.3/data/train/construction_345.wav,construction
/content/drive/MyDrive/mark4.3/data/train/construction_346.wav,construction
/content/drive/MyDrive/mark4.3/data/train/construction_347.wav,construction
/content/drive/MyDrive/mark4.3/data/train/construction_348.wav,construction
/content/drive/MyDrive/mark4.3/data/train/construction_349.wav,construction
/content/drive/MyDrive/mark4.3/data/train/construction_35.wav,construction
/content/drive/MyDrive/mark4.3/data/train/construction_350.wav,construction
/content/drive/MyDrive/mark4.3/data/train/construction_351.wav,construction
/content/drive/MyDrive/mark4.3/data/train/construction_352.wav,construction
/content/drive/MyDrive/mark4.3/data/train/construction_353.wav,construction
/content/drive/MyDrive/mark4.3/data/train/construction_354.wav,construction
/content/drive/MyDrive/mark4.3/data/train/construction_355.wav,construction
/content/drive/MyDrive/mark4.3/data/train/construction_356.wav,construction
/content/drive/MyDrive/mark4.3/data/train/construction_357.wav,construction
/content/drive/MyDrive/mark4.3/data/train/construction_358.wav,construction
/content/drive/MyDrive/mark4.3/data/train/construction_359.wav,construction
/content/drive/MyDrive/mark4.3/data/train/construction_36.wav,construction
/content/drive/MyDrive/mark4.3/data/train/construction_360.wav,construction
/content/drive/MyDrive/mark4.3/data/train/construction_361.wav,construction
/content/drive/MyDrive/mark4.3/data/train/construction_362.wav,construction
/content/drive/MyDrive/mark4.3/data/train/construction_363.wav,construction
/content/drive/MyDrive/mark4.3/data/train/construction_364.wav,construction
/content/drive/MyDrive/mark4.3/data/train/construction_365.wav,construction
/content/drive/MyDrive/mark4.3/data/train/construction_366.wav,construction
/content/drive/MyDrive/mark4.3/data/train/construction_367.wav,construction
/content/drive/MyDrive/mark4.3/data/train/construction_368.wav,construction
/content/drive/MyDrive/mark4.3/data/train/construction_369.wav,construction
/content/drive/MyDrive/mark4.3/data/train/construction_37.wav,construction
/content/drive/MyDrive/mark4.3/data/train/construction_370.wav,construction
/content/drive/MyDrive/mark4.3/data/train/construction_371.wav,construction
/content/drive/MyDrive/mark4.3/data/train/construction_372.wav,construction
/content/drive/MyDrive/mark4.3/data/train/construction_373.wav,construction
/content/drive/MyDrive/mark4.3/data/train/construction_374.wav,construction
/content/drive/MyDrive/mark4.3/data/train/construction_375.wav,construction
/content/drive/MyDrive/mark4.3/data/train/construction_376.wav,construction
/content/drive/MyDrive/mark4.3/data/train/construction_377.wav,construction
/content/drive/MyDrive/mark4.3/data/train/construction_378.wav,construction
/content/drive/MyDrive/mark4.3/data/train/construction_379.wav,construction
/content/drive/MyDrive/mark4.3/data/train/construction_38.wav,construction
/content/drive/MyDrive/mark4.3/data/train/construction_380.wav,construction
/content/drive/MyDrive/mark4.3/data/train/construction_381.wav,construction
/content/drive/MyDrive/mark4.3/data/train/construction_382.wav,construction
/content/drive/MyDrive/mark4.3/data/train/construction_383.wav,construction
/content/drive/MyDrive/mark4.3/data/train/construction_384.wav,construction
/content/drive/MyDrive/mark4.3/data/train/construction_385.wav,construction
/content/drive/MyDrive/mark4.3/data/train/construction_386.wav,construction
/content/drive/MyDrive/mark4.3/data/train/construction_387.wav,construction
/content/drive/MyDrive/mark4.3/data/train/construction_388.wav,construction
/content/drive/MyDrive/mark4.3/data/train/construction_389.wav,construction
/content/drive/MyDrive/mark4.3/data/train/construction_39.wav,construction
/content/drive/MyDrive/mark4.3/data/train/construction_390.wav,construction
/content/drive/MyDrive/mark4.3/data/train/construction_391.wav,construction
/content/drive/MyDrive/mark4.3/data/train/construction_392.wav,construction
/content/drive/MyDrive/mark4.3/data/train/construction_393.wav,construction
/content/drive/MyDrive/mark4.3/data/train/construction_394.wav,construction
/content/drive/MyDrive/mark4.3/data/train/construction_395.wav,construction
/content/drive/MyDrive/mark4.3/data/train/construction_396.wav,construction
/content/drive/MyDrive/mark4.3/data/train/construction_397.wav,construction
/content/drive/MyDrive/mark4.3/data/train/construction_398.wav,construction
/content/drive/MyDrive/mark4.3/data/train/construction_399.wav,construction
/content/drive/MyDrive/mark4.3/data/train/construction_4.wav,construction
/content/drive/MyDrive/mark4.3/data/train/construction_40.wav,construction
/content/drive/MyDrive/mark4.3/data/train/construction_400.wav,construction
/content/drive/MyDrive/mark4.3/data/train/construction_401.wav,construction
/content/drive/MyDrive/mark4.3/data/train/construction_402.wav,construction
/content/drive/MyDrive/mark4.3/data/train/construction_403.wav,construction
/content/drive/MyDrive/mark4.3/data/train/construction_404.wav,construction
/content/drive/MyDrive/mark4.3/data/train/construction_405.wav,construction
/content/drive/MyDrive/mark4.3/data/train/construction_406.wav,construction
/content/drive/MyDrive/mark4.3/data/train/construction_407.wav,construction
/content/drive/MyDrive/mark4.3/data/train/construction_408.wav,construction
/content/drive/MyDrive/mark4.3/data/train/construction_409.wav,construction
/content/drive/MyDrive/mark4.3/data/train/construction_41.wav,construction
/content/drive/MyDrive/mark4.3/data/train/construction_410.wav,construction
/content/drive/MyDrive/mark4.3/data/train/construction_411.wav,construction
/content/drive/MyDrive/mark4.3/data/train/construction_412.wav,construction
/content/drive/MyDrive/mark4.3/data/train/construction_413.wav,construction
/content/drive/MyDrive/mark4.3/data/train/construction_414.wav,construction
/content/drive/MyDrive/mark4.3/data/train/construction_415.wav,construction
/content/drive/MyDrive/mark4.3/data/train/construction_416.wav,construction
/content/drive/MyDrive/mark4.3/data/train/construction_417.wav,construction
/content/drive/MyDrive/mark4.3/data/train/construction_418.wav,construction
/content/drive/MyDrive/mark4.3/data/train/construction_419.wav,construction
/content/drive/MyDrive/mark4.3/data/train/construction_42.wav,construction
/content/drive/MyDrive/mark4.3/data/train/construction_420.wav,construction
/content/drive/MyDrive/mark4.3/data/train/construction_421.wav,construction
/content/drive/MyDrive/mark4.3/data/train/construction_422.wav,construction
/content/drive/MyDrive/mark4.3/data/train/construction_423.wav,construction
/content/drive/MyDrive/mark4.3/data/train/construction_424.wav,construction
/content/drive/MyDrive/mark4.3/data/train/construction_425.wav,construction
/content/drive/MyDrive/mark4.3/data/train/construction_426.wav,construction
/content/drive/MyDrive/mark4.3/data/train/construction_427.wav,construction
/content/drive/MyDrive/mark4.3/data/train/construction_428.wav,construction
/content/drive/MyDrive/mark4.3/data/train/construction_429.wav,construction
/content/drive/MyDrive/mark4.3/data/train/construction_43.wav,construction
/content/drive/MyDrive/mark4.3/data/train/construction_430.wav,construction
/content/drive/MyDrive/mark4.3/data/train/construction_431.wav,construction
/content/drive/MyDrive/mark4.3/data/train/construction_432.wav,construction
/content/drive/MyDrive/mark4.3/data/train/construction_433.wav,construction
/content/drive/MyDrive/mark4.3/data/train/construction_434.wav,construction
/content/drive/MyDrive/mark4.3/data/train/construction_435.wav,construction
/content/drive/MyDrive/mark4.3/data/train/construction_436.wav,construction
/content/drive/MyDrive/mark4.3/data/train/construction_437.wav,construction
/content/drive/MyDrive/mark4.3/data/train/construction_438.wav,construction
/content/drive/MyDrive/mark4.3/data/train/construction_439.wav,construction
/content/drive/MyDrive/mark4.3/data/train/construction_44.wav,construction
/content/drive/MyDrive/mark4.3/data/train/construction_440.wav,construction
/content/drive/MyDrive/mark4.3/data/train/construction_441.wav,construction
/content/drive/MyDrive/mark4.3/data/train/construction_442.wav,construction
/content/drive/MyDrive/mark4.3/data/train/construction_443.wav,construction
/content/drive/MyDrive/mark4.3/data/train/construction_444.wav,construction
/content/drive/MyDrive/mark4.3/data/train/construction_445.wav,construction
/content/drive/MyDrive/mark4.3/data/train/construction_446.wav,construction
/content/drive/MyDrive/mark4.3/data/train/construction_447.wav,construction
/content/drive/MyDrive/mark4.3/data/train/construction_448.wav,construction
/content/drive/MyDrive/mark4.3/data/train/construction_449.wav,construction
/content/drive/MyDrive/mark4.3/data/train/construction_45.wav,construction
/content/drive/MyDrive/mark4.3/data/train/construction_450.wav,construction
/content/drive/MyDrive/mark4.3/data/train/construction_451.wav,construction
/content/drive/MyDrive/mark4.3/data/train/construction_452.wav,construction
/content/drive/MyDrive/mark4.3/data/train/construction_453.wav,construction
/content/drive/MyDrive/mark4.3/data/train/construction_454.wav,construction
/content/drive/MyDrive/mark4.3/data/train/construction_455.wav,construction
/content/drive/MyDrive/mark4.3/data/train/construction_456.wav,construction
/content/drive/MyDrive/mark4.3/data/train/construction_457.wav,construction
/content/drive/MyDrive/mark4.3/data/train/construction_458.wav,construction
/content/drive/MyDrive/mark4.3/data/train/construction_459.wav,construction
/content/drive/MyDrive/mark4.3/data/train/construction_46.wav,construction
/content/drive/MyDrive/mark4.3/data/train/construction_460.wav,construction
/content/drive/MyDrive/mark4.3/data/train/construction_461.wav,construction
/content/drive/MyDrive/mark4.3/data/train/construction_462.wav,construction
/content/drive/MyDrive/mark4.3/data/train/construction_463.wav,construction
/content/drive/MyDrive/mark4.3/data/train/construction_464.wav,construction
/content/drive/MyDrive/mark4.3/data/train/construction_465.wav,construction
/content/drive/MyDrive/mark4.3/data/train/construction_466.wav,construction
/content/drive/MyDrive/mark4.3/data/train/construction_467.wav,construction
/content/drive/MyDrive/mark4.3/data/train/construction_468.wav,construction
/content/drive/MyDrive/mark4.3/data/train/construction_469.wav,construction
/content/drive/MyDrive/mark4.3/data/train/construction_47.wav,construction
/content/drive/MyDrive/mark4.3/data/train/construction_470.wav,construction
/content/drive/MyDrive/mark4.3/data/train/construction_471.wav,construction
/content/drive/MyDrive/mark4.3/data/train/construction_472.wav,construction
/content/drive/MyDrive/mark4.3/data/train/construction_473.wav,construction
/content/drive/MyDrive/mark4.3/data/train/construction_474.wav,construction
/content/drive/MyDrive/mark4.3/data/train/construction_475.wav,construction
/content/drive/MyDrive/mark4.3/data/train/construction_476.wav,construction
/content/drive/MyDrive/mark4.3/data/train/construction_477.wav,construction
/content/drive/MyDrive/mark4.3/data/train/construction_478.wav,construction
/content/drive/MyDrive/mark4.3/data/train/construction_479.wav,construction
/content/drive/MyDrive/mark4.3/data/train/construction_48.wav,construction
/content/drive/MyDrive/mark4.3/data/train/construction_480.wav,construction
/content/drive/MyDrive/mark4.3/data/train/construction_481.wav,construction
/content/drive/MyDrive/mark4.3/data/train/construction_482.wav,construction
/content/drive/MyDrive/mark4.3/data/train/construction_483.wav,construction
/content/drive/MyDrive/mark4.3/data/train/construction_484.wav,construction
/content/drive/MyDrive/mark4.3/data/train/construction_485.wav,construction
/content/drive/MyDrive/mark4.3/data/train/construction_486.wav,construction
/content/drive/MyDrive/mark4.3/data/train/construction_487.wav,construction
/content/drive/MyDrive/mark4.3/data/train/construction_488.wav,construction
/content/drive/MyDrive/mark4.3/data/train/construction_489.wav,construction
/content/drive/MyDrive/mark4.3/data/train/construction_49.wav,construction
/content/drive/MyDrive/mark4.3/data/train/construction_490.wav,construction
/content/drive/MyDrive/mark4.3/data/train/construction_491.wav,construction
/content/drive/MyDrive/mark4.3/data/train/construction_492.wav,construction
/content/drive/MyDrive/mark4.3/data/train/construction_493.wav,construction
/content/drive/MyDrive/mark4.3/data/train/construction_494.wav,construction
/content/drive/MyDrive/mark4.3/data/train/construction_495.wav,construction
/content/drive/MyDrive/mark4.3/data/train/construction_496.wav,construction
/content/drive/MyDrive/mark4.3/data/train/construction_497.wav,construction
/content/drive/MyDrive/mark4.3/data/train/construction_498.wav,construction
/content/drive/MyDrive/mark4.3/data/train/construction_499.wav,construction
/content/drive/MyDrive/mark4.3/data/train/construction_5.wav,construction
/content/drive/MyDrive/mark4.3/data/train/construction_50.wav,construction
/content/drive/MyDrive/mark4.3/data/train/construction_500.wav,construction
/content/drive/MyDrive/mark4.3/data/train/construction_51.wav,construction
/content/drive/MyDrive/mark4.3/data/train/construction_52.wav,construction
/content/drive/MyDrive/mark4.3/data/train/construction_53.wav,construction
/content/drive/MyDrive/mark4.3/data/train/construction_54.wav,construction
/content/drive/MyDrive/mark4.3/data/train/construction_55.wav,construction
/content/drive/MyDrive/mark4.3/data/train/construction_56.wav,construction
/content/drive/MyDrive/mark4.3/data/train/construction_57.wav,construction
/content/drive/MyDrive/mark4.3/data/train/construction_58.wav,construction
/content/drive/MyDrive/mark4.3/data/train/construction_59.wav,construction
/content/drive/MyDrive/mark4.3/data/train/construction_6.wav,construction
/content/drive/MyDrive/mark4.3/data/train/construction_60.wav,construction
/content/drive/MyDrive/mark4.3/data/train/construction_61.wav,construction
/content/drive/MyDrive/mark4.3/data/train/construction_62.wav,construction
/content/drive/MyDrive/mark4.3/data/train/construction_63.wav,construction
/content/drive/MyDrive/mark4.3/data/train/construction_64.wav,construction
/content/drive/MyDrive/mark4.3/data/train/construction_65.wav,construction
/content/drive/MyDrive/mark4.3/data/train/construction_66.wav,construction
/content/drive/MyDrive/mark4.3/data/train/construction_67.wav,construction
/content/drive/MyDrive/mark4.3/data/train/construction_68.wav,construction
/content/drive/MyDrive/mark4.3/data/train/construction_69.wav,construction
/content/drive/MyDrive/mark4.3/data/train/construction_7.wav,construction
/content/drive/MyDrive/mark4.3/data/train/construction_70.wav,construction
/content/drive/MyDrive/mark4.3/data/train/construction_71.wav,construction
/content/drive/MyDrive/mark4.3/data/train/construction_72.wav,construction
/content/drive/MyDrive/mark4.3/data/train/construction_73.wav,construction
/content/drive/MyDrive/mark4.3/data/train/construction_74.wav,construction
/content/drive/MyDrive/mark4.3/data/train/construction_75.wav,construction
/content/drive/MyDrive/mark4.3/data/train/construction_76.wav,construction
/content/drive/MyDrive/mark4.3/data/train/construction_77.wav,construction
/content/drive/MyDrive/mark4.3/data/train/construction_78.wav,construction
/content/drive/MyDrive/mark4.3/data/train/construction_79.wav,construction
/content/drive/MyDrive/mark4.3/data/train/construction_8.wav,construction
/content/drive/MyDrive/mark4.3/data/train/construction_80.wav,construction
/content/drive/MyDrive/mark4.3/data/train/construction_81.wav,construction
/content/drive/MyDrive/mark4.3/data/train/construction_82.wav,construction
/content/drive/MyDrive/mark4.3/data/train/construction_83.wav,construction
/content/drive/MyDrive/mark4.3/data/train/construction_84.wav,construction
/content/drive/MyDrive/mark4.3/data/train/construction_85.wav,construction
/content/drive/MyDrive/mark4.3/data/train/construction_86.wav,construction
/content/drive/MyDrive/mark4.3/data/train/construction_87.wav,construction
/content/drive/MyDrive/mark4.3/data/train/construction_88.wav,construction
/content/drive/MyDrive/mark4.3/data/train/construction_89.wav,construction
/content/drive/MyDrive/mark4.3/data/train/construction_9.wav,construction
/content/drive/MyDrive/mark4.3/data/train/construction_90.wav,construction
/content/drive/MyDrive/mark4.3/data/train/construction_91.wav,construction
/content/drive/MyDrive/mark4.3/data/train/construction_92.wav,construction
/content/drive/MyDrive/mark4.3/data/train/construction_93.wav,construction
/content/drive/MyDrive/mark4.3/data/train/construction_94.wav,construction
/content/drive/MyDrive/mark4.3/data/train/construction_95.wav,construction
/content/drive/MyDrive/mark4.3/data/train/construction_96.wav,construction
/content/drive/MyDrive/mark4.3/data/train/construction_97.wav,construction
/content/drive/MyDrive/mark4.3/data/train/construction_98.wav,construction
/content/drive/MyDrive/mark4.3/data/train/construction_99.wav,construction
/content/drive/MyDrive/mark4.3/data/train/others_1.wav,others
/content/drive/MyDrive/mark4.3/data/train/others_10.wav,others
/content/drive/MyDrive/mark4.3/data/train/others_100.wav,others
/content/drive/MyDrive/mark4.3/data/train/others_101.wav,others
/content/drive/MyDrive/mark4.3/data/train/others_102.wav,others
/content/drive/MyDrive/mark4.3/data/train/others_103.wav,others
/content/drive/MyDrive/mark4.3/data/train/others_104.wav,others
/content/drive/MyDrive/mark4.3/data/train/others_105.wav,others
/content/drive/MyDrive/mark4.3/data/train/others_106.wav,others
/content/drive/MyDrive/mark4.3/data/train/others_107.wav,others
/content/drive/MyDrive/mark4.3/data/train/others_108.wav,others
/content/drive/MyDrive/mark4.3/data/train/others_109.wav,others
/content/drive/MyDrive/mark4.3/data/train/others_11.wav,others
/content/drive/MyDrive/mark4.3/data/train/others_110.wav,others
/content/drive/MyDrive/mark4.3/data/train/others_111.wav,others
/content/drive/MyDrive/mark4.3/data/train/others_112.wav,others
/content/drive/MyDrive/mark4.3/data/train/others_113.wav,others
/content/drive/MyDrive/mark4.3/data/train/others_114.wav,others
/content/drive/MyDrive/mark4.3/data/train/others_115.wav,others
/content/drive/MyDrive/mark4.3/data/train/others_116.wav,others
/content/drive/MyDrive/mark4.3/data/train/others_117.wav,others
/content/drive/MyDrive/mark4.3/data/train/others_118.wav,others
/content/drive/MyDrive/mark4.3/data/train/others_119.wav,others
/content/drive/MyDrive/mark4.3/data/train/others_12.wav,others
/content/drive/MyDrive/mark4.3/data/train/others_120.wav,others
/content/drive/MyDrive/mark4.3/data/train/others_121.wav,others
/content/drive/MyDrive/mark4.3/data/train/others_122.wav,others
/content/drive/MyDrive/mark4.3/data/train/others_123.wav,others
/content/drive/MyDrive/mark4.3/data/train/others_124.wav,others
/content/drive/MyDrive/mark4.3/data/train/others_125.wav,others
/content/drive/MyDrive/mark4.3/data/train/others_126.wav,others
/content/drive/MyDrive/mark4.3/data/train/others_127.wav,others
/content/drive/MyDrive/mark4.3/data/train/others_128.wav,others
/content/drive/MyDrive/mark4.3/data/train/others_129.wav,others
/content/drive/MyDrive/mark4.3/data/train/others_13.wav,others
/content/drive/MyDrive/mark4.3/data/train/others_130.wav,others
/content/drive/MyDrive/mark4.3/data/train/others_131.wav,others
/content/drive/MyDrive/mark4.3/data/train/others_132.wav,others
/content/drive/MyDrive/mark4.3/data/train/others_133.wav,others
/content/drive/MyDrive/mark4.3/data/train/others_134.wav,others
/content/drive/MyDrive/mark4.3/data/train/others_135.wav,others
/content/drive/MyDrive/mark4.3/data/train/others_136.wav,others
/content/drive/MyDrive/mark4.3/data/train/others_137.wav,others
/content/drive/MyDrive/mark4.3/data/train/others_138.wav,others
/content/drive/MyDrive/mark4.3/data/train/others_139.wav,others
/content/drive/MyDrive/mark4.3/data/train/others_14.wav,others
/content/drive/MyDrive/mark4.3/data/train/others_140.wav,others
/content/drive/MyDrive/mark4.3/data/train/others_141.wav,others
/content/drive/MyDrive/mark4.3/data/train/others_142.wav,others
/content/drive/MyDrive/mark4.3/data/train/others_143.wav,others
/content/drive/MyDrive/mark4.3/data/train/others_144.wav,others
/content/drive/MyDrive/mark4.3/data/train/others_145.wav,others
/content/drive/MyDrive/mark4.3/data/train/others_146.wav,others
/content/drive/MyDrive/mark4.3/data/train/others_147.wav,others
/content/drive/MyDrive/mark4.3/data/train/others_148.wav,others
/content/drive/MyDrive/mark4.3/data/train/others_149.wav,others
/content/drive/MyDrive/mark4.3/data/train/others_15.wav,others
/content/drive/MyDrive/mark4.3/data/train/others_150.wav,others
/content/drive/MyDrive/mark4.3/data/train/others_151.wav,others
/content/drive/MyDrive/mark4.3/data/train/others_152.wav,others
/content/drive/MyDrive/mark4.3/data/train/others_153.wav,others
/content/drive/MyDrive/mark4.3/data/train/others_154.wav,others
/content/drive/MyDrive/mark4.3/data/train/others_155.wav,others
/content/drive/MyDrive/mark4.3/data/train/others_156.wav,others
/content/drive/MyDrive/mark4.3/data/train/others_157.wav,others
/content/drive/MyDrive/mark4.3/data/train/others_158.wav,others
/content/drive/MyDrive/mark4.3/data/train/others_159.wav,others
/content/drive/MyDrive/mark4.3/data/train/others_16.wav,others
/content/drive/MyDrive/mark4.3/data/train/others_160.wav,others
/content/drive/MyDrive/mark4.3/data/train/others_161.wav,others
/content/drive/MyDrive/mark4.3/data/train/others_162.wav,others
/content/drive/MyDrive/mark4.3/data/train/others_163.wav,others
/content/drive/MyDrive/mark4.3/data/train/others_164.wav,others
/content/drive/MyDrive/mark4.3/data/train/others_165.wav,others
/content/drive/MyDrive/mark4.3/data/train/others_166.wav,others
/content/drive/MyDrive/mark4.3/data/train/others_167.wav,others
/content/drive/MyDrive/mark4.3/data/train/others_168.wav,others
/content/drive/MyDrive/mark4.3/data/train/others_169.wav,others
/content/drive/MyDrive/mark4.3/data/train/others_17.wav,others
/content/drive/MyDrive/mark4.3/data/train/others_170.wav,others
/content/drive/MyDrive/mark4.3/data/train/others_171.wav,others
/content/drive/MyDrive/mark4.3/data/train/others_172.wav,others
/content/drive/MyDrive/mark4.3/data/train/others_173.wav,others
/content/drive/MyDrive/mark4.3/data/train/others_174.wav,others
/content/drive/MyDrive/mark4.3/data/train/others_175.wav,others
/content/drive/MyDrive/mark4.3/data/train/others_176.wav,others
/content/drive/MyDrive/mark4.3/data/train/others_177.wav,others
/content/drive/MyDrive/mark4.3/data/train/others_178.wav,others
/content/drive/MyDrive/mark4.3/data/train/others_179.wav,others
/content/drive/MyDrive/mark4.3/data/train/others_18.wav,others
/content/drive/MyDrive/mark4.3/data/train/others_180.wav,others
/content/drive/MyDrive/mark4.3/data/train/others_181.wav,others
/content/drive/MyDrive/mark4.3/data/train/others_182.wav,others
/content/drive/MyDrive/mark4.3/data/train/others_183.wav,others
/content/drive/MyDrive/mark4.3/data/train/others_184.wav,others
/content/drive/MyDrive/mark4.3/data/train/others_185.wav,others
/content/drive/MyDrive/mark4.3/data/train/others_186.wav,others
/content/drive/MyDrive/mark4.3/data/train/others_187.wav,others
/content/drive/MyDrive/mark4.3/data/train/others_188.wav,others
/content/drive/MyDrive/mark4.3/data/train/others_189.wav,others
/content/drive/MyDrive/mark4.3/data/train/others_19.wav,others
/content/drive/MyDrive/mark4.3/data/train/others_190.wav,others
/content/drive/MyDrive/mark4.3/data/train/others_191.wav,others
/content/drive/MyDrive/mark4.3/data/train/others_192.wav,others
/content/drive/MyDrive/mark4.3/data/train/others_193.wav,others
/content/drive/MyDrive/mark4.3/data/train/others_194.wav,others
/content/drive/MyDrive/mark4.3/data/train/others_195.wav,others
/content/drive/MyDrive/mark4.3/data/train/others_196.wav,others
/content/drive/MyDrive/mark4.3/data/train/others_197.wav,others
/content/drive/MyDrive/mark4.3/data/train/others_198.wav,others
/content/drive/MyDrive/mark4.3/data/train/others_199.wav,others
/content/drive/MyDrive/mark4.3/data/train/others_2.wav,others
/content/drive/MyDrive/mark4.3/data/train/others_20.wav,others
/content/drive/MyDrive/mark4.3/data/train/others_200.wav,others
/content/drive/MyDrive/mark4.3/data/train/others_201.wav,others
/content/drive/MyDrive/mark4.3/data/train/others_202.wav,others
/content/drive/MyDrive/mark4.3/data/train/others_203.wav,others
/content/drive/MyDrive/mark4.3/data/train/others_204.wav,others
/content/drive/MyDrive/mark4.3/data/train/others_205.wav,others
/content/drive/MyDrive/mark4.3/data/train/others_206.wav,others
/content/drive/MyDrive/mark4.3/data/train/others_207.wav,others
/content/drive/MyDrive/mark4.3/data/train/others_208.wav,others
/content/drive/MyDrive/mark4.3/data/train/others_209.wav,others
/content/drive/MyDrive/mark4.3/data/train/others_21.wav,others
/content/drive/MyDrive/mark4.3/data/train/others_210.wav,others
/content/drive/MyDrive/mark4.3/data/train/others_211.wav,others
/content/drive/MyDrive/mark4.3/data/train/others_212.wav,others
/content/drive/MyDrive/mark4.3/data/train/others_213.wav,others
/content/drive/MyDrive/mark4.3/data/train/others_214.wav,others
/content/drive/MyDrive/mark4.3/data/train/others_215.wav,others
/content/drive/MyDrive/mark4.3/data/train/others_216.wav,others
/content/drive/MyDrive/mark4.3/data/train/others_217.wav,others
/content/drive/MyDrive/mark4.3/data/train/others_218.wav,others
/content/drive/MyDrive/mark4.3/data/train/others_219.wav,others
/content/drive/MyDrive/mark4.3/data/train/others_22.wav,others
/content/drive/MyDrive/mark4.3/data/train/others_220.wav,others
/content/drive/MyDrive/mark4.3/data/train/others_221.wav,others
/content/drive/MyDrive/mark4.3/data/train/others_222.wav,others
/content/drive/MyDrive/mark4.3/data/train/others_223.wav,others
/content/drive/MyDrive/mark4.3/data/train/others_224.wav,others
/content/drive/MyDrive/mark4.3/data/train/others_225.wav,others
/content/drive/MyDrive/mark4.3/data/train/others_226.wav,others
/content/drive/MyDrive/mark4.3/data/train/others_227.wav,others
/content/drive/MyDrive/mark4.3/data/train/others_228.wav,others
/content/drive/MyDrive/mark4.3/data/train/others_229.wav,others
/content/drive/MyDrive/mark4.3/data/train/others_23.wav,others
/content/drive/MyDrive/mark4.3/data/train/others_230.wav,others
/content/drive/MyDrive/mark4.3/data/train/others_231.wav,others
/content/drive/MyDrive/mark4.3/data/train/others_232.wav,others
/content/drive/MyDrive/mark4.3/data/train/others_233.wav,others
/content/drive/MyDrive/mark4.3/data/train/others_234.wav,others
/content/drive/MyDrive/mark4.3/data/train/others_235.wav,others
/content/drive/MyDrive/mark4.3/data/train/others_236.wav,others
/content/drive/MyDrive/mark4.3/data/train/others_237.wav,others
/content/drive/MyDrive/mark4.3/data/train/others_238.wav,others
/content/drive/MyDrive/mark4.3/data/train/others_239.wav,others
/content/drive/MyDrive/mark4.3/data/train/others_24.wav,others
/content/drive/MyDrive/mark4.3/data/train/others_240.wav,others
/content/drive/MyDrive/mark4.3/data/train/others_241.wav,others
/content/drive/MyDrive/mark4.3/data/train/others_242.wav,others
/content/drive/MyDrive/mark4.3/data/train/others_243.wav,others
/content/drive/MyDrive/mark4.3/data/train/others_244.wav,others
/content/drive/MyDrive/mark4.3/data/train/others_245.wav,others
/content/drive/MyDrive/mark4.3/data/train/others_246.wav,others
/content/drive/MyDrive/mark4.3/data/train/others_247.wav,others
/content/drive/MyDrive/mark4.3/data/train/others_248.wav,others
/content/drive/MyDrive/mark4.3/data/train/others_249.wav,others
/content/drive/MyDrive/mark4.3/data/train/others_25.wav,others
/content/drive/MyDrive/mark4.3/data/train/others_250.wav,others
/content/drive/MyDrive/mark4.3/data/train/others_251.wav,others
/content/drive/MyDrive/mark4.3/data/train/others_252.wav,others
/content/drive/MyDrive/mark4.3/data/train/others_253.wav,others
/content/drive/MyDrive/mark4.3/data/train/others_254.wav,others
/content/drive/MyDrive/mark4.3/data/train/others_255.wav,others
/content/drive/MyDrive/mark4.3/data/train/others_256.wav,others
/content/drive/MyDrive/mark4.3/data/train/others_257.wav,others
/content/drive/MyDrive/mark4.3/data/train/others_258.wav,others
/content/drive/MyDrive/mark4.3/data/train/others_259.wav,others
/content/drive/MyDrive/mark4.3/data/train/others_26.wav,others
/content/drive/MyDrive/mark4.3/data/train/others_260.wav,others
/content/drive/MyDrive/mark4.3/data/train/others_261.wav,others
/content/drive/MyDrive/mark4.3/data/train/others_262.wav,others
/content/drive/MyDrive/mark4.3/data/train/others_263.wav,others
/content/drive/MyDrive/mark4.3/data/train/others_264.wav,others
/content/drive/MyDrive/mark4.3/data/train/others_265.wav,others
/content/drive/MyDrive/mark4.3/data/train/others_266.wav,others
/content/drive/MyDrive/mark4.3/data/train/others_267.wav,others
/content/drive/MyDrive/mark4.3/data/train/others_268.wav,others
/content/drive/MyDrive/mark4.3/data/train/others_269.wav,others
/content/drive/MyDrive/mark4.3/data/train/others_27.wav,others
/content/drive/MyDrive/mark4.3/data/train/others_270.wav,others
/content/drive/MyDrive/mark4.3/data/train/others_271.wav,others
/content/drive/MyDrive/mark4.3/data/train/others_272.wav,others
/content/drive/MyDrive/mark4.3/data/train/others_273.wav,others
/content/drive/MyDrive/mark4.3/data/train/others_274.wav,others
/content/drive/MyDrive/mark4.3/data/train/others_275.wav,others
/content/drive/MyDrive/mark4.3/data/train/others_276.wav,others
/content/drive/MyDrive/mark4.3/data/train/others_277.wav,others
/content/drive/MyDrive/mark4.3/data/train/others_278.wav,others
/content/drive/MyDrive/mark4.3/data/train/others_279.wav,others
/content/drive/MyDrive/mark4.3/data/train/others_28.wav,others
/content/drive/MyDrive/mark4.3/data/train/others_280.wav,others
/content/drive/MyDrive/mark4.3/data/train/others_281.wav,others
/content/drive/MyDrive/mark4.3/data/train/others_282.wav,others
/content/drive/MyDrive/mark4.3/data/train/others_283.wav,others
/content/drive/MyDrive/mark4.3/data/train/others_284.wav,others
/content/drive/MyDrive/mark4.3/data/train/others_285.wav,others
/content/drive/MyDrive/mark4.3/data/train/others_286.wav,others
/content/drive/MyDrive/mark4.3/data/train/others_287.wav,others
/content/drive/MyDrive/mark4.3/data/train/others_288.wav,others
/content/drive/MyDrive/mark4.3/data/train/others_289.wav,others
/content/drive/MyDrive/mark4.3/data/train/others_29.wav,others
/content/drive/MyDrive/mark4.3/data/train/others_290.wav,others
/content/drive/MyDrive/mark4.3/data/train/others_291.wav,others
/content/drive/MyDrive/mark4.3/data/train/others_292.wav,others
/content/drive/MyDrive/mark4.3/data/train/others_293.wav,others
/content/drive/MyDrive/mark4.3/data/train/others_294.wav,others
/content/drive/MyDrive/mark4.3/data/train/others_295.wav,others
/content/drive/MyDrive/mark4.3/data/train/others_296.wav,others
/content/drive/MyDrive/mark4.3/data/train/others_297.wav,others
/content/drive/MyDrive/mark4.3/data/train/others_298.wav,others
/content/drive/MyDrive/mark4.3/data/train/others_299.wav,others
/content/drive/MyDrive/mark4.3/data/train/others_3.wav,others
/content/drive/MyDrive/mark4.3/data/train/others_30.wav,others
/content/drive/MyDrive/mark4.3/data/train/others_300.wav,others
/content/drive/MyDrive/mark4.3/data/train/others_301.wav,others
/content/drive/MyDrive/mark4.3/data/train/others_302.wav,others
/content/drive/MyDrive/mark4.3/data/train/others_303.wav,others
/content/drive/MyDrive/mark4.3/data/train/others_304.wav,others
/content/drive/MyDrive/mark4.3/data/train/others_305.wav,others
/content/drive/MyDrive/mark4.3/data/train/others_306.wav,others
/content/drive/MyDrive/mark4.3/data/train/others_307.wav,others
/content/drive/MyDrive/mark4.3/data/train/others_308.wav,others
/content/drive/MyDrive/mark4.3/data/train/others_309.wav,others
/content/drive/MyDrive/mark4.3/data/train/others_31.wav,others
/content/drive/MyDrive/mark4.3/data/train/others_310.wav,others
/content/drive/MyDrive/mark4.3/data/train/others_311.wav,others
/content/drive/MyDrive/mark4.3/data/train/others_312.wav,others
/content/drive/MyDrive/mark4.3/data/train/others_313.wav,others
/content/drive/MyDrive/mark4.3/data/train/others_314.wav,others
/content/drive/MyDrive/mark4.3/data/train/others_315.wav,others
/content/drive/MyDrive/mark4.3/data/train/others_316.wav,others
/content/drive/MyDrive/mark4.3/data/train/others_317.wav,others
/content/drive/MyDrive/mark4.3/data/train/others_318.wav,others
/content/drive/MyDrive/mark4.3/data/train/others_319.wav,others
/content/drive/MyDrive/mark4.3/data/train/others_32.wav,others
/content/drive/MyDrive/mark4.3/data/train/others_320.wav,others
/content/drive/MyDrive/mark4.3/data/train/others_321.wav,others
/content/drive/MyDrive/mark4.3/data/train/others_322.wav,others
/content/drive/MyDrive/mark4.3/data/train/others_323.wav,others
/content/drive/MyDrive/mark4.3/data/train/others_324.wav,others
/content/drive/MyDrive/mark4.3/data/train/others_325.wav,others
/content/drive/MyDrive/mark4.3/data/train/others_326.wav,others
/content/drive/MyDrive/mark4.3/data/train/others_327.wav,others
/content/drive/MyDrive/mark4.3/data/train/others_328.wav,others
/content/drive/MyDrive/mark4.3/data/train/others_329.wav,others
/content/drive/MyDrive/mark4.3/data/train/others_33.wav,others
/content/drive/MyDrive/mark4.3/data/train/others_330.wav,others
/content/drive/MyDrive/mark4.3/data/train/others_331.wav,others
/content/drive/MyDrive/mark4.3/data/train/others_332.wav,others
/content/drive/MyDrive/mark4.3/data/train/others_333.wav,others
/content/drive/MyDrive/mark4.3/data/train/others_334.wav,others
/content/drive/MyDrive/mark4.3/data/train/others_335.wav,others
/content/drive/MyDrive/mark4.3/data/train/others_336.wav,others
/content/drive/MyDrive/mark4.3/data/train/others_337.wav,others
/content/drive/MyDrive/mark4.3/data/train/others_338.wav,others
/content/drive/MyDrive/mark4.3/data/train/others_339.wav,others
/content/drive/MyDrive/mark4.3/data/train/others_34.wav,others
/content/drive/MyDrive/mark4.3/data/train/others_340.wav,others
/content/drive/MyDrive/mark4.3/data/train/others_341.wav,others
/content/drive/MyDrive/mark4.3/data/train/others_342.wav,others
/content/drive/MyDrive/mark4.3/data/train/others_343.wav,others
/content/drive/MyDrive/mark4.3/data/train/others_344.wav,others
/content/drive/MyDrive/mark4.3/data/train/others_345.wav,others
/content/drive/MyDrive/mark4.3/data/train/others_346.wav,others
/content/drive/MyDrive/mark4.3/data/train/others_347.wav,others
/content/drive/MyDrive/mark4.3/data/train/others_348.wav,others
/content/drive/MyDrive/mark4.3/data/train/others_349.wav,others
/content/drive/MyDrive/mark4.3/data/train/others_35.wav,others
/content/drive/MyDrive/mark4.3/data/train/others_350.wav,others
/content/drive/MyDrive/mark4.3/data/train/others_351.wav,others
/content/drive/MyDrive/mark4.3/data/train/others_352.wav,others
/content/drive/MyDrive/mark4.3/data/train/others_353.wav,others
/content/drive/MyDrive/mark4.3/data/train/others_354.wav,others
/content/drive/MyDrive/mark4.3/data/train/others_355.wav,others
/content/drive/MyDrive/mark4.3/data/train/others_356.wav,others
/content/drive/MyDrive/mark4.3/data/train/others_357.wav,others
/content/drive/MyDrive/mark4.3/data/train/others_358.wav,others
/content/drive/MyDrive/mark4.3/data/train/others_359.wav,others
/content/drive/MyDrive/mark4.3/data/train/others_36.wav,others
/content/drive/MyDrive/mark4.3/data/train/others_360.wav,others
/content/drive/MyDrive/mark4.3/data/train/others_361.wav,others
/content/drive/MyDrive/mark4.3/data/train/others_362.wav,others
/content/drive/MyDrive/mark4.3/data/train/others_363.wav,others
/content/drive/MyDrive/mark4.3/data/train/others_364.wav,others
/content/drive/MyDrive/mark4.3/data/train/others_365.wav,others
/content/drive/MyDrive/mark4.3/data/train/others_366.wav,others
/content/drive/MyDrive/mark4.3/data/train/others_367.wav,others
/content/drive/MyDrive/mark4.3/data/train/others_368.wav,others
/content/drive/MyDrive/mark4.3/data/train/others_369.wav,others
/content/drive/MyDrive/mark4.3/data/train/others_37.wav,others
/content/drive/MyDrive/mark4.3/data/train/others_370.wav,others
/content/drive/MyDrive/mark4.3/data/train/others_371.wav,others
/content/drive/MyDrive/mark4.3/data/train/others_372.wav,others
/content/drive/MyDrive/mark4.3/data/train/others_373.wav,others
/content/drive/MyDrive/mark4.3/data/train/others_374.wav,others
/content/drive/MyDrive/mark4.3/data/train/others_375.wav,others
/content/drive/MyDrive/mark4.3/data/train/others_376.wav,others
/content/drive/MyDrive/mark4.3/data/train/others_377.wav,others
/content/drive/MyDrive/mark4.3/data/train/others_378.wav,others
/content/drive/MyDrive/mark4.3/data/train/others_379.wav,others
/content/drive/MyDrive/mark4.3/data/train/others_38.wav,others
/content/drive/MyDrive/mark4.3/data/train/others_380.wav,others
/content/drive/MyDrive/mark4.3/data/train/others_381.wav,others
/content/drive/MyDrive/mark4.3/data/train/others_382.wav,others
/content/drive/MyDrive/mark4.3/data/train/others_383.wav,others
/content/drive/MyDrive/mark4.3/data/train/others_384.wav,others
/content/drive/MyDrive/mark4.3/data/train/others_385.wav,others
/content/drive/MyDrive/mark4.3/data/train/others_386.wav,others
/content/drive/MyDrive/mark4.3/data/train/others_387.wav,others
/content/drive/MyDrive/mark4.3/data/train/others_388.wav,others
/content/drive/MyDrive/mark4.3/data/train/others_389.wav,others
/content/drive/MyDrive/mark4.3/data/train/others_39.wav,others
/content/drive/MyDrive/mark4.3/data/train/others_390.wav,others
/content/drive/MyDrive/mark4.3/data/train/others_391.wav,others
/content/drive/MyDrive/mark4.3/data/train/others_392.wav,others
/content/drive/MyDrive/mark4.3/data/train/others_393.wav,others
/content/drive/MyDrive/mark4.3/data/train/others_394.wav,others
/content/drive/MyDrive/mark4.3/data/train/others_395.wav,others
/content/drive/MyDrive/mark4.3/data/train/others_396.wav,others
/content/drive/MyDrive/mark4.3/data/train/others_397.wav,others
/content/drive/MyDrive/mark4.3/data/train/others_398.wav,others
/content/drive/MyDrive/mark4.3/data/train/others_399.wav,others
/content/drive/MyDrive/mark4.3/data/train/others_4.wav,others
/content/drive/MyDrive/mark4.3/data/train/others_40.wav,others
/content/drive/MyDrive/mark4.3/data/train/others_400.wav,others
/content/drive/MyDrive/mark4.3/data/train/others_401.wav,others
/content/drive/MyDrive/mark4.3/data/train/others_402.wav,others
/content/drive/MyDrive/mark4.3/data/train/others_403.wav,others
/content/drive/MyDrive/mark4.3/data/train/others_404.wav,others
/content/drive/MyDrive/mark4.3/data/train/others_405.wav,others
/content/drive/MyDrive/mark4.3/data/train/others_406.wav,others
/content/drive/MyDrive/mark4.3/data/train/others_407.wav,others
/content/drive/MyDrive/mark4.3/data/train/others_408.wav,others
/content/drive/MyDrive/mark4.3/data/train/others_409.wav,others
/content/drive/MyDrive/mark4.3/data/train/others_41.wav,others
/content/drive/MyDrive/mark4.3/data/train/others_410.wav,others
/content/drive/MyDrive/mark4.3/data/train/others_411.wav,others
/content/drive/MyDrive/mark4.3/data/train/others_412.wav,others
/content/drive/MyDrive/mark4.3/data/train/others_413.wav,others
/content/drive/MyDrive/mark4.3/data/train/others_414.wav,others
/content/drive/MyDrive/mark4.3/data/train/others_415.wav,others
/content/drive/MyDrive/mark4.3/data/train/others_416.wav,others
/content/drive/MyDrive/mark4.3/data/train/others_417.wav,others
/content/drive/MyDrive/mark4.3/data/train/others_418.wav,others
/content/drive/MyDrive/mark4.3/data/train/others_419.wav,others
/content/drive/MyDrive/mark4.3/data/train/others_42.wav,others
/content/drive/MyDrive/mark4.3/data/train/others_420.wav,others
/content/drive/MyDrive/mark4.3/data/train/others_421.wav,others
/content/drive/MyDrive/mark4.3/data/train/others_422.wav,others
/content/drive/MyDrive/mark4.3/data/train/others_423.wav,others
/content/drive/MyDrive/mark4.3/data/train/others_424.wav,others
/content/drive/MyDrive/mark4.3/data/train/others_425.wav,others
/content/drive/MyDrive/mark4.3/data/train/others_426.wav,others
/content/drive/MyDrive/mark4.3/data/train/others_427.wav,others
/content/drive/MyDrive/mark4.3/data/train/others_428.wav,others
/content/drive/MyDrive/mark4.3/data/train/others_429.wav,others
/content/drive/MyDrive/mark4.3/data/train/others_43.wav,others
/content/drive/MyDrive/mark4.3/data/train/others_430.wav,others
/content/drive/MyDrive/mark4.3/data/train/others_431.wav,others
/content/drive/MyDrive/mark4.3/data/train/others_432.wav,others
/content/drive/MyDrive/mark4.3/data/train/others_433.wav,others
/content/drive/MyDrive/mark4.3/data/train/others_434.wav,others
/content/drive/MyDrive/mark4.3/data/train/others_435.wav,others
/content/drive/MyDrive/mark4.3/data/train/others_436.wav,others
/content/drive/MyDrive/mark4.3/data/train/others_437.wav,others
/content/drive/MyDrive/mark4.3/data/train/others_438.wav,others
/content/drive/MyDrive/mark4.3/data/train/others_439.wav,others
/content/drive/MyDrive/mark4.3/data/train/others_44.wav,others
/content/drive/MyDrive/mark4.3/data/train/others_440.wav,others
/content/drive/MyDrive/mark4.3/data/train/others_441.wav,others
/content/drive/MyDrive/mark4.3/data/train/others_442.wav,others
/content/drive/MyDrive/mark4.3/data/train/others_443.wav,others
/content/drive/MyDrive/mark4.3/data/train/others_444.wav,others
/content/drive/MyDrive/mark4.3/data/train/others_445.wav,others
/content/drive/MyDrive/mark4.3/data/train/others_446.wav,others
/content/drive/MyDrive/mark4.3/data/train/others_447.wav,others
/content/drive/MyDrive/mark4.3/data/train/others_448.wav,others
/content/drive/MyDrive/mark4.3/data/train/others_449.wav,others
/content/drive/MyDrive/mark4.3/data/train/others_45.wav,others
/content/drive/MyDrive/mark4.3/data/train/others_450.wav,others
/content/drive/MyDrive/mark4.3/data/train/others_451.wav,others
/content/drive/MyDrive/mark4.3/data/train/others_452.wav,others
/content/drive/MyDrive/mark4.3/data/train/others_453.wav,others
/content/drive/MyDrive/mark4.3/data/train/others_454.wav,others
/content/drive/MyDrive/mark4.3/data/train/others_455.wav,others
/content/drive/MyDrive/mark4.3/data/train/others_456.wav,others
/content/drive/MyDrive/mark4.3/data/train/others_457.wav,others
/content/drive/MyDrive/mark4.3/data/train/others_458.wav,others
/content/drive/MyDrive/mark4.3/data/train/others_459.wav,others
/content/drive/MyDrive/mark4.3/data/train/others_46.wav,others
/content/drive/MyDrive/mark4.3/data/train/others_460.wav,others
/content/drive/MyDrive/mark4.3/data/train/others_461.wav,others
/content/drive/MyDrive/mark4.3/data/train/others_462.wav,others
/content/drive/MyDrive/mark4.3/data/train/others_463.wav,others
/content/drive/MyDrive/mark4.3/data/train/others_464.wav,others
/content/drive/MyDrive/mark4.3/data/train/others_465.wav,others
/content/drive/MyDrive/mark4.3/data/train/others_466.wav,others
/content/drive/MyDrive/mark4.3/data/train/others_467.wav,others
/content/drive/MyDrive/mark4.3/data/train/others_468.wav,others
/content/drive/MyDrive/mark4.3/data/train/others_469.wav,others
/content/drive/MyDrive/mark4.3/data/train/others_47.wav,others
/content/drive/MyDrive/mark4.3/data/train/others_470.wav,others
/content/drive/MyDrive/mark4.3/data/train/others_471.wav,others
/content/drive/MyDrive/mark4.3/data/train/others_472.wav,others
/content/drive/MyDrive/mark4.3/data/train/others_473.wav,others
/content/drive/MyDrive/mark4.3/data/train/others_474.wav,others
/content/drive/MyDrive/mark4.3/data/train/others_475.wav,others
/content/drive/MyDrive/mark4.3/data/train/others_476.wav,others
/content/drive/MyDrive/mark4.3/data/train/others_477.wav,others
/content/drive/MyDrive/mark4.3/data/train/others_478.wav,others
/content/drive/MyDrive/mark4.3/data/train/others_479.wav,others
/content/drive/MyDrive/mark4.3/data/train/others_48.wav,others
/content/drive/MyDrive/mark4.3/data/train/others_480.wav,others
/content/drive/MyDrive/mark4.3/data/train/others_481.wav,others
/content/drive/MyDrive/mark4.3/data/train/others_482.wav,others
/content/drive/MyDrive/mark4.3/data/train/others_483.wav,others
/content/drive/MyDrive/mark4.3/data/train/others_484.wav,others
/content/drive/MyDrive/mark4.3/data/train/others_485.wav,others
/content/drive/MyDrive/mark4.3/data/train/others_486.wav,others
/content/drive/MyDrive/mark4.3/data/train/others_487.wav,others
/content/drive/MyDrive/mark4.3/data/train/others_488.wav,others
/content/drive/MyDrive/mark4.3/data/train/others_489.wav,others
/content/drive/MyDrive/mark4.3/data/train/others_49.wav,others
/content/drive/MyDrive/mark4.3/data/train/others_490.wav,others
/content/drive/MyDrive/mark4.3/data/train/others_491.wav,others
/content/drive/MyDrive/mark4.3/data/train/others_492.wav,others
/content/drive/MyDrive/mark4.3/data/train/others_493.wav,others
/content/drive/MyDrive/mark4.3/data/train/others_494.wav,others
/content/drive/MyDrive/mark4.3/data/train/others_495.wav,others
/content/drive/MyDrive/mark4.3/data/train/others_496.wav,others
/content/drive/MyDrive/mark4.3/data/train/others_497.wav,others
/content/drive/MyDrive/mark4.3/data/train/others_498.wav,others
/content/drive/MyDrive/mark4.3/data/train/others_499.wav,others
/content/drive/MyDrive/mark4.3/data/train/others_5.wav,others
/content/drive/MyDrive/mark4.3/data/train/others_50.wav,others
/content/drive/MyDrive/mark4.3/data/train/others_500.wav,others
/content/drive/MyDrive/mark4.3/data/train/others_51.wav,others
/content/drive/MyDrive/mark4.3/data/train/others_52.wav,others
/content/drive/MyDrive/mark4.3/data/train/others_53.wav,others
/content/drive/MyDrive/mark4.3/data/train/others_54.wav,others
/content/drive/MyDrive/mark4.3/data/train/others_55.wav,others
/content/drive/MyDrive/mark4.3/data/train/others_56.wav,others
/content/drive/MyDrive/mark4.3/data/train/others_57.wav,others
/content/drive/MyDrive/mark4.3/data/train/others_58.wav,others
/content/drive/MyDrive/mark4.3/data/train/others_59.wav,others
/content/drive/MyDrive/mark4.3/data/train/others_6.wav,others
/content/drive/MyDrive/mark4.3/data/train/others_60.wav,others
/content/drive/MyDrive/mark4.3/data/train/others_61.wav,others
/content/drive/MyDrive/mark4.3/data/train/others_62.wav,others
/content/drive/MyDrive/mark4.3/data/train/others_63.wav,others
/content/drive/MyDrive/mark4.3/data/train/others_64.wav,others
/content/drive/MyDrive/mark4.3/data/train/others_65.wav,others
/content/drive/MyDrive/mark4.3/data/train/others_66.wav,others
/content/drive/MyDrive/mark4.3/data/train/others_67.wav,others
/content/drive/MyDrive/mark4.3/data/train/others_68.wav,others
/content/drive/MyDrive/mark4.3/data/train/others_69.wav,others
/content/drive/MyDrive/mark4.3/data/train/others_7.wav,others
/content/drive/MyDrive/mark4.3/data/train/others_70.wav,others
/content/drive/MyDrive/mark4.3/data/train/others_71.wav,others
/content/drive/MyDrive/mark4.3/data/train/others_72.wav,others
/content/drive/MyDrive/mark4.3/data/train/others_73.wav,others
/content/drive/MyDrive/mark4.3/data/train/others_74.wav,others
/content/drive/MyDrive/mark4.3/data/train/others_75.wav,others
/content/drive/MyDrive/mark4.3/data/train/others_76.wav,others
/content/drive/MyDrive/mark4.3/data/train/others_77.wav,others
/content/drive/MyDrive/mark4.3/data/train/others_78.wav,others
/content/drive/MyDrive/mark4.3/data/train/others_79.wav,others
/content/drive/MyDrive/mark4.3/data/train/others_8.wav,others
/content/drive/MyDrive/mark4.3/data/train/others_80.wav,others
/content/drive/MyDrive/mark4.3/data/train/others_81.wav,others
/content/drive/MyDrive/mark4.3/data/train/others_82.wav,others
/content/drive/MyDrive/mark4.3/data/train/others_83.wav,others
/content/drive/MyDrive/mark4.3/data/train/others_84.wav,others
/content/drive/MyDrive/mark4.3/data/train/others_85.wav,others
/content/drive/MyDrive/mark4.3/data/train/others_86.wav,others
/content/drive/MyDrive/mark4.3/data/train/others_87.wav,others
/content/drive/MyDrive/mark4.3/data/train/others_88.wav,others
/content/drive/MyDrive/mark4.3/data/train/others_89.wav,others
/content/drive/MyDrive/mark4.3/data/train/others_9.wav,others
/content/drive/MyDrive/mark4.3/data/train/others_90.wav,others
/content/drive/MyDrive/mark4.3/data/train/others_91.wav,others
/content/drive/MyDrive/mark4.3/data/train/others_92.wav,others
/content/drive/MyDrive/mark4.3/data/train/others_93.wav,others
/content/drive/MyDrive/mark4.3/data/train/others_94.wav,others
/content/drive/MyDrive/mark4.3/data/train/others_95.wav,others
/content/drive/MyDrive/mark4.3/data/train/others_96.wav,others
/content/drive/MyDrive/mark4.3/data/train/others_97.wav,others
/content/drive/MyDrive/mark4.3/data/train/others_98.wav,others
/content/drive/MyDrive/mark4.3/data/train/others_99.wav,others
/content/drive/MyDrive/mark4.3/data/val/construction_601.wav,construction
/content/drive/MyDrive/mark4.3/data/val/construction_602.wav,construction
/content/drive/MyDrive/mark4.3/data/val/construction_603.wav,construction
/content/drive/MyDrive/mark4.3/data/val/construction_604.wav,construction
/content/drive/MyDrive/mark4.3/data/val/construction_605.wav,construction
/content/drive/MyDrive/mark4.3/data/val/construction_606.wav,construction
/content/drive/MyDrive/mark4.3/data/val/construction_607.wav,construction
/content/drive/MyDrive/mark4.3/data/val/construction_608.wav,construction
/content/drive/MyDrive/mark4.3/data/val/construction_609.wav,construction
/content/drive/MyDrive/mark4.3/data/val/construction_610.wav,construction
/content/drive/MyDrive/mark4.3/data/val/construction_611.wav,construction
/content/drive/MyDrive/mark4.3/data/val/construction_612.wav,construction
/content/drive/MyDrive/mark4.3/data/val/construction_613.wav,construction
/content/drive/MyDrive/mark4.3/data/val/construction_614.wav,construction
/content/drive/MyDrive/mark4.3/data/val/construction_615.wav,construction
/content/drive/MyDrive/mark4.3/data/val/construction_616.wav,construction
/content/drive/MyDrive/mark4.3/data/val/construction_617.wav,construction
/content/drive/MyDrive/mark4.3/data/val/construction_618.wav,construction
/content/drive/MyDrive/mark4.3/data/val/construction_619.wav,construction
/content/drive/MyDrive/mark4.3/data/val/construction_620.wav,construction
/content/drive/MyDrive/mark4.3/data/val/construction_621.wav,construction
/content/drive/MyDrive/mark4.3/data/val/construction_622.wav,construction
/content/drive/MyDrive/mark4.3/data/val/construction_623.wav,construction
/content/drive/MyDrive/mark4.3/data/val/construction_624.wav,construction
/content/drive/MyDrive/mark4.3/data/val/construction_625.wav,construction
/content/drive/MyDrive/mark4.3/data/val/construction_626.wav,construction
/content/drive/MyDrive/mark4.3/data/val/construction_627.wav,construction
/content/drive/MyDrive/mark4.3/data/val/construction_628.wav,construction
/content/drive/MyDrive/mark4.3/data/val/construction_629.wav,construction
/content/drive/MyDrive/mark4.3/data/val/construction_630.wav,construction
/content/drive/MyDrive/mark4.3/data/val/construction_631.wav,construction
/content/drive/MyDrive/mark4.3/data/val/construction_632.wav,construction
/content/drive/MyDrive/mark4.3/data/val/construction_633.wav,construction
/content/drive/MyDrive/mark4.3/data/val/construction_634.wav,construction
/content/drive/MyDrive/mark4.3/data/val/construction_635.wav,construction
/content/drive/MyDrive/mark4.3/data/val/construction_636.wav,construction
/content/drive/MyDrive/mark4.3/data/val/construction_637.wav,construction
/content/drive/MyDrive/mark4.3/data/val/construction_638.wav,construction
/content/drive/MyDrive/mark4.3/data/val/construction_639.wav,construction
/content/drive/MyDrive/mark4.3/data/val/construction_640.wav,construction
/content/drive/MyDrive/mark4.3/data/val/construction_641.wav,construction
/content/drive/MyDrive/mark4.3/data/val/construction_642.wav,construction
/content/drive/MyDrive/mark4.3/data/val/construction_643.wav,construction
/content/drive/MyDrive/mark4.3/data/val/construction_644.wav,construction
/content/drive/MyDrive/mark4.3/data/val/construction_645.wav,construction
/content/drive/MyDrive/mark4.3/data/val/construction_646.wav,construction
/content/drive/MyDrive/mark4.3/data/val/construction_647.wav,construction
/content/drive/MyDrive/mark4.3/data/val/construction_648.wav,construction
/content/drive/MyDrive/mark4.3/data/val/construction_649.wav,construction
/content/drive/MyDrive/mark4.3/data/val/construction_650.wav,construction
/content/drive/MyDrive/mark4.3/data/val/construction_651.wav,construction
/content/drive/MyDrive/mark4.3/data/val/construction_652.wav,construction
/content/drive/MyDrive/mark4.3/data/val/construction_653.wav,construction
/content/drive/MyDrive/mark4.3/data/val/construction_654.wav,construction
/content/drive/MyDrive/mark4.3/data/val/construction_655.wav,construction
/content/drive/MyDrive/mark4.3/data/val/construction_656.wav,construction
/content/drive/MyDrive/mark4.3/data/val/construction_657.wav,construction
/content/drive/MyDrive/mark4.3/data/val/construction_658.wav,construction
/content/drive/MyDrive/mark4.3/data/val/construction_659.wav,construction
/content/drive/MyDrive/mark4.3/data/val/construction_660.wav,construction
/content/drive/MyDrive/mark4.3/data/val/construction_661.wav,construction
/content/drive/MyDrive/mark4.3/data/val/construction_662.wav,construction
/content/drive/MyDrive/mark4.3/data/val/construction_663.wav,construction
/content/drive/MyDrive/mark4.3/data/val/construction_664.wav,construction
/content/drive/MyDrive/mark4.3/data/val/construction_665.wav,construction
/content/drive/MyDrive/mark4.3/data/val/construction_666.wav,construction
/content/drive/MyDrive/mark4.3/data/val/construction_667.wav,construction
/content/drive/MyDrive/mark4.3/data/val/construction_668.wav,construction
/content/drive/MyDrive/mark4.3/data/val/construction_669.wav,construction
/content/drive/MyDrive/mark4.3/data/val/construction_670.wav,construction
/content/drive/MyDrive/mark4.3/data/val/construction_671.wav,construction
/content/drive/MyDrive/mark4.3/data/val/construction_672.wav,construction
/content/drive/MyDrive/mark4.3/data/val/construction_673.wav,construction
/content/drive/MyDrive/mark4.3/data/val/construction_674.wav,construction
/content/drive/MyDrive/mark4.3/data/val/construction_675.wav,construction
/content/drive/MyDrive/mark4.3/data/val/construction_676.wav,construction
/content/drive/MyDrive/mark4.3/data/val/construction_677.wav,construction
/content/drive/MyDrive/mark4.3/data/val/construction_678.wav,construction
/content/drive/MyDrive/mark4.3/data/val/construction_679.wav,construction
/content/drive/MyDrive/mark4.3/data/val/construction_680.wav,construction
/content/drive/MyDrive/mark4.3/data/val/construction_681.wav,construction
/content/drive/MyDrive/mark4.3/data/val/construction_682.wav,construction
/content/drive/MyDrive/mark4.3/data/val/construction_683.wav,construction
/content/drive/MyDrive/mark4.3/data/val/construction_684.wav,construction
/content/drive/MyDrive/mark4.3/data/val/construction_685.wav,construction
/content/drive/MyDrive/mark4.3/data/val/construction_686.wav,construction
/content/drive/MyDrive/mark4.3/data/val/construction_687.wav,construction
/content/drive/MyDrive/mark4.3/data/val/construction_688.wav,construction
/content/drive/MyDrive/mark4.3/data/val/construction_689.wav,construction
/content/drive/MyDrive/mark4.3/data/val/construction_690.wav,construction
/content/drive/MyDrive/mark4.3/data/val/construction_691.wav,construction
/content/drive/MyDrive/mark4.3/data/val/construction_692.wav,construction
/content/drive/MyDrive/mark4.3/data/val/construction_693.wav,construction
/content/drive/MyDrive/mark4.3/data/val/construction_694.wav,construction
/content/drive/MyDrive/mark4.3/data/val/construction_695.wav,construction
/content/drive/MyDrive/mark4.3/data/val/construction_696.wav,construction
/content/drive/MyDrive/mark4.3/data/val/construction_697.wav,construction
/content/drive/MyDrive/mark4.3/data/val/construction_698.wav,construction
/content/drive/MyDrive/mark4.3/data/val/construction_699.wav,construction
/content/drive/MyDrive/mark4.3/data/val/construction_700.wav,construction
/content/drive/MyDrive/mark4.3/data/val/others_1401.wav,others
/content/drive/MyDrive/mark4.3/data/val/others_1402.wav,others
/content/drive/MyDrive/mark4.3/data/val/others_1403.wav,others
/content/drive/MyDrive/mark4.3/data/val/others_1404.wav,others
/content/drive/MyDrive/mark4.3/data/val/others_1405.wav,others
/content/drive/MyDrive/mark4.3/data/val/others_1406.wav,others
/content/drive/MyDrive/mark4.3/data/val/others_1407.wav,others
/content/drive/MyDrive/mark4.3/data/val/others_1408.wav,others
/content/drive/MyDrive/mark4.3/data/val/others_1409.wav,others
/content/drive/MyDrive/mark4.3/data/val/others_1410.wav,others
/content/drive/MyDrive/mark4.3/data/val/others_1411.wav,others
/content/drive/MyDrive/mark4.3/data/val/others_1412.wav,others
/content/drive/MyDrive/mark4.3/data/val/others_1413.wav,others
/content/drive/MyDrive/mark4.3/data/val/others_1414.wav,others
/content/drive/MyDrive/mark4.3/data/val/others_1415.wav,others
/content/drive/MyDrive/mark4.3/data/val/others_1416.wav,others
/content/drive/MyDrive/mark4.3/data/val/others_1417.wav,others
/content/drive/MyDrive/mark4.3/data/val/others_1418.wav,others
/content/drive/MyDrive/mark4.3/data/val/others_1419.wav,others
/content/drive/MyDrive/mark4.3/data/val/others_1420.wav,others
/content/drive/MyDrive/mark4.3/data/val/others_1421.wav,others
/content/drive/MyDrive/mark4.3/data/val/others_1422.wav,others
/content/drive/MyDrive/mark4.3/data/val/others_1423.wav,others
/content/drive/MyDrive/mark4.3/data/val/others_1424.wav,others
/content/drive/MyDrive/mark4.3/data/val/others_1425.wav,others
/content/drive/MyDrive/mark4.3/data/val/others_1426.wav,others
/content/drive/MyDrive/mark4.3/data/val/others_1427.wav,others
/content/drive/MyDrive/mark4.3/data/val/others_1428.wav,others
/content/drive/MyDrive/mark4.3/data/val/others_1429.wav,others
/content/drive/MyDrive/mark4.3/data/val/others_1430.wav,others
/content/drive/MyDrive/mark4.3/data/val/others_1431.wav,others
/content/drive/MyDrive/mark4.3/data/val/others_1432.wav,others
/content/drive/MyDrive/mark4.3/data/val/others_1433.wav,others
/content/drive/MyDrive/mark4.3/data/val/others_1434.wav,others
/content/drive/MyDrive/mark4.3/data/val/others_1435.wav,others
/content/drive/MyDrive/mark4.3/data/val/others_1436.wav,others
/content/drive/MyDrive/mark4.3/data/val/others_1437.wav,others
/content/drive/MyDrive/mark4.3/data/val/others_1438.wav,others
/content/drive/MyDrive/mark4.3/data/val/others_1439.wav,others
/content/drive/MyDrive/mark4.3/data/val/others_1440.wav,others
/content/drive/MyDrive/mark4.3/data/val/others_1441.wav,others
/content/drive/MyDrive/mark4.3/data/val/others_1442.wav,others
/content/drive/MyDrive/mark4.3/data/val/others_1443.wav,others
/content/drive/MyDrive/mark4.3/data/val/others_1444.wav,others
/content/drive/MyDrive/mark4.3/data/val/others_1445.wav,others
/content/drive/MyDrive/mark4.3/data/val/others_1446.wav,others
/content/drive/MyDrive/mark4.3/data/val/others_1447.wav,others
/content/drive/MyDrive/mark4.3/data/val/others_1448.wav,others
/content/drive/MyDrive/mark4.3/data/val/others_1449.wav,others
/content/drive/MyDrive/mark4.3/data/val/others_1450.wav,others
/content/drive/MyDrive/mark4.3/data/val/others_1451.wav,others
/content/drive/MyDrive/mark4.3/data/val/others_1452.wav,others
/content/drive/MyDrive/mark4.3/data/val/others_1453.wav,others
/content/drive/MyDrive/mark4.3/data/val/others_1454.wav,others
/content/drive/MyDrive/mark4.3/data/val/others_1455.wav,others
/content/drive/MyDrive/mark4.3/data/val/others_1456.wav,others
/content/drive/MyDrive/mark4.3/data/val/others_1457.wav,others
/content/drive/MyDrive/mark4.3/data/val/others_1458.wav,others
/content/drive/MyDrive/mark4.3/data/val/others_1459.wav,others
/content/drive/MyDrive/mark4.3/data/val/others_1460.wav,others
/content/drive/MyDrive/mark4.3/data/val/others_1461.wav,others
/content/drive/MyDrive/mark4.3/data/val/others_1462.wav,others
/content/drive/MyDrive/mark4.3/data/val/others_1463.wav,others
/content/drive/MyDrive/mark4.3/data/val/others_1464.wav,others
/content/drive/MyDrive/mark4.3/data/val/others_1465.wav,others
/content/drive/MyDrive/mark4.3/data/val/others_1466.wav,others
/content/drive/MyDrive/mark4.3/data/val/others_1467.wav,others
/content/drive/MyDrive/mark4.3/data/val/others_1468.wav,others
/content/drive/MyDrive/mark4.3/data/val/others_1469.wav,others
/content/drive/MyDrive/mark4.3/data/val/others_1470.wav,others
/content/drive/MyDrive/mark4.3/data/val/others_1471.wav,others
/content/drive/MyDrive/mark4.3/data/val/others_1472.wav,others
/content/drive/MyDrive/mark4.3/data/val/others_1473.wav,others
/content/drive/MyDrive/mark4.3/data/val/others_1474.wav,others
/content/drive/MyDrive/mark4.3/data/val/others_1475.wav,others
/content/drive/MyDrive/mark4.3/data/val/others_1476.wav,others
/content/drive/MyDrive/mark4.3/data/val/others_1477.wav,others
/content/drive/MyDrive/mark4.3/data/val/others_1478.wav,others
/content/drive/MyDrive/mark4.3/data/val/others_1479.wav,others
/content/drive/MyDrive/mark4.3/data/val/others_1480.wav,others
/content/drive/MyDrive/mark4.3/data/val/others_1481.wav,others
/content/drive/MyDrive/mark4.3/data/val/others_1482.wav,others
/content/drive/MyDrive/mark4.3/data/val/others_1483.wav,others
/content/drive/MyDrive/mark4.3/data/val/others_1484.wav,others
/content/drive/MyDrive/mark4.3/data/val/others_1485.wav,others
/content/drive/MyDrive/mark4.3/data/val/others_1486.wav,others
/content/drive/MyDrive/mark4.3/data/val/others_1487.wav,others
/content/drive/MyDrive/mark4.3/data/val/others_1488.wav,others
/content/drive/MyDrive/mark4.3/data/val/others_1489.wav,others
/content/drive/MyDrive/mark4.3/data/val/others_1490.wav,others
/content/drive/MyDrive/mark4.3/data/val/others_1491.wav,others
/content/drive/MyDrive/mark4.3/data/val/others_1492.wav,others
/content/drive/MyDrive/mark4.3/data/val/others_1493.wav,others
/content/drive/MyDrive/mark4.3/data/val/others_1494.wav,others
/content/drive/MyDrive/mark4.3/data/val/others_1495.wav,others
/content/drive/MyDrive/mark4.3/data/val/others_1496.wav,others
/content/drive/MyDrive/mark4.3/data/val/others_1497.wav,others
/content/drive/MyDrive/mark4.3/data/val/others_1498.wav,others
/content/drive/MyDrive/mark4.3/data/val/others_1499.wav,others
/content/drive/MyDrive/mark4.3/data/val/others_1500.wav,others
